"run","trial","rewFunc","emotion","magnitude","probability","score","ev","rt","clock_onset","isi_onset","feedback_onset","iti_onset","iti_ideal","image","pushidx"
1,1,"CEV","scram",46,0.776,0,35.448,745,3466,4332,4682,5482,0,NA,4211
1,2,"CEV","scram",42,0.839857142857143,0,35.3202857142857,313,6832,7265,7564,8414,0,NA,7145
1,3,"CEV","scram",62,0.568428571428572,62,35.2947142857143,2209,9481,11813,12113,12962,0,NA,11690
1,4,"CEV","scram",81,0.445857142857143,0,36.1082857142857,3065,14246,17428,17727,18577,0,NA,17311
1,5,"CEV","scram",61,0.605285714285714,61,37,1934,19777,21843,22143,22992,0,NA,21711
1,6,"CEV","scram",61,0.597142857142857,61,36.4028571428571,2007,24259,26391,26691,27540,0,NA,26266
1,7,"CEV","scram",58,0.597142857142857,58,34.6114285714286,2008,29057,31190,31489,32339,0,NA,31065
1,8,"CEV","scram",61,0.635285714285714,61,38.9058571428571,1745,33756,35621,35921,36771,0,NA,35501
1,9,"CEV","scram",64,0.602,64,38.806,1976,37787,39887,40186,41036,0,NA,39763
1,10,"CEV","scram",58,0.590142857142857,58,34.0492857142857,2040,42569,44735,45034,45884,0,NA,44609
1,11,"CEV","scram",56,0.626,56,35.122,1807,47167,49083,49383,50233,0,NA,48974
1,12,"CEV","scram",64,0.602142857142857,0,38.8064285714286,1955,51766,53848,54148,54998,0,NA,53721
1,13,"CEV","scram",54,0.733285714285714,54,39.9331428571429,1049,56281,57447,57747,58596,0,NA,57330
1,14,"CEV","scram",46,0.797428571428571,46,37,603,59630,60346,60646,61495,0,NA,60233
1,15,"CEV","scram",58,0.680857142857143,58,39.7234285714286,1412,62579,64112,64411,65261,0,NA,63991
1,16,"CEV","scram",58,0.664285714285714,58,38.3285714285714,1530,66544,68193,68493,69343,0,NA,68074
1,17,"CEV","scram",47,0.738142857142857,0,34.7855714285714,1017,70476,71609,71908,72758,0,NA,71493
1,18,"CEV","scram",82,0.452571428571429,82,37,3014,74141,77274,77573,78423,0,NA,77155
1,19,"CEV","scram",96,0.407428571428571,0,39.0371428571429,3323,79956,83405,83704,84554,0,NA,83279
1,20,"CEV","scram",53,0.750142857142857,53,40.0005714285714,921,86037,87087,87386,88236,0,NA,86958
1,21,"CEV","scram",64,0.574142857142857,64,37,2169,89719,92002,92301,93151,0,NA,91888
1,22,"CEV","scram",63,0.619428571428571,0,38.8582857142857,1852,94184,96150,96450,97299,0,NA,96036
1,23,"CEV","scram",55,0.684571428571429,55,37.6845714285714,1391,98316,99832,100132,100982,0,NA,99707
1,24,"CEV","scram",48,0.777428571428571,48,37,740,102198,103065,103364,104214,0,NA,102938
1,25,"CEV","scram",54,0.677571428571428,54,36.3224285714286,1448,105430,106996,107296,108146,0,NA,106878
1,26,"CEV","scram",59,0.646857142857143,0,38.2937142857143,1637,109512,111295,111595,112444,0,NA,111149
1,27,"CEV","scram",50,0.763714285714286,50,38.5274285714286,843,113561,114527,114827,115676,0,NA,114404
1,28,"CEV","scram",53,0.74,53,39.22,1008,116943,118076,118375,119225,0,NA,117951
1,29,"CEV","scram",52,0.685285714285714,52,35.6294285714286,1383,120492,122008,122307,123157,0,NA,121875
1,30,"CEV","scram",58,0.668285714285714,58,39.0048571428571,1508,124174,125807,126106,126972,0,NA,125682
1,31,"CEV","scram",58,0.627857142857143,0,36.3721428571429,1795,128339,130255,130555,131404,0,NA,130134
1,32,"CEV","scram",40,0.818714285714286,40,32.9064285714286,447,132787,133354,133653,134503,0,NA,133234
1,33,"CEV","scram",83,0.442571428571429,83,36.5574285714286,3082,135586,138785,139085,139935,0,NA,138668
1,34,"CEV","scram",99,0.387428571428571,0,38.1622857142857,3473,141451,145050,145349,146199,0,NA,144924
1,35,"CEV","scram",50,0.785142857142857,50,39.3554285714286,698,147615,148432,148732,149581,0,NA,148313
1,36,"CEV","scram",49,0.742571428571429,49,36.2574285714286,973,150964,152064,152364,153213,0,NA,151937
1,37,"CEV","scram",46,0.733142857142857,46,34.0674285714286,1050,154297,155463,155762,156612,0,NA,155347
1,38,"CEV","scram",54,0.687714285714286,0,37,1371,158012,159511,159811,160661,0,NA,159383
1,39,"CEV","scram",53,0.761714285714286,53,40.0468571428571,841,161794,162760,163060,163909,0,NA,162635
1,40,"CEV","scram",44,0.773714285714286,44,33.9051428571429,759,165243,166126,166425,167275,0,NA,166002
1,41,"CEV","scram",50,0.702428571428571,50,34.8927142857143,1260,168558,169941,170241,171090,0,NA,169818
1,42,"CEV","scram",51,0.75,51,38.5,901,172224,173273,173573,174422,0,NA,173125
1,43,"CEV","scram",53,0.726285714285714,0,38.4525714285714,1090,175806,177022,177322,178171,0,NA,176896
1,44,"CEV","scram",67,0.585571428571429,0,39.3422857142857,2075,179205,181404,181703,182553,0,NA,181280
1,45,"CEV","scram",44,0.807857142857143,44,35.3842857142857,509,184369,185019,185319,186168,0,NA,184878
1,46,"CEV","scram",49,0.715285714285714,49,34.8541428571429,1173,187985,189284,189584,190433,0,NA,189158
1,47,"CEV","scram",53,0.740285714285714,53,39.2208571428571,993,191783,192900,193199,194049,0,NA,192776
1,48,"CEV","scram",45,0.796857142857143,45,36.2031428571429,609,196465,197198,197498,198347,0,NA,197074
1,49,"CEV","scram",54,0.730285714285714,54,39.1908571428571,1072,199631,200830,201130,201979,0,NA,200703
1,50,"CEV","scram",56,0.608857142857143,56,33.9557142857143,1927,203413,205462,205761,206611,0,NA,205340
1,51,"CEV","scram",52,0.751857142857143,0,39.2555714285714,921,207894,208944,209244,210093,0,NA,208815
1,52,"CEV","scram",65,0.592428571428571,65,38.7772857142857,2052,211227,213392,213692,214542,0,NA,213279
1,53,"CEV","scram",54,0.723285714285714,0,39.1698571428571,1127,215775,217025,217324,218174,0,NA,216902
1,54,"CEV","scram",80,0.478714285714286,80,38.4361428571429,2817,220257,223206,223505,224355,0,NA,223074
1,55,"CEV","scram",79,0.459285714285714,0,36.0814285714286,2974,225688,228787,229087,229936,0,NA,228662
1,56,"CEV","scram",52,0.780857142857143,52,40.9042857142857,700,231419,232253,232552,233402,0,NA,232119
1,57,"CEV","scram",59,0.626428571428571,0,37,1802,234485,236401,236701,237550,0,NA,236287
1,58,"CEV","scram",54,0.721285714285714,0,39.1638571428571,1122,238700,239950,240249,241099,0,NA,239822
1,59,"CEV","scram",43,0.811285714285714,43,34.5661428571429,513,242282,242915,243215,244065,0,NA,242795
1,60,"CEV","scram",48,0.723714285714286,48,34.8288571428571,1107,245465,246697,246997,247847,0,NA,246572
1,61,"CEV","scram",63,0.621428571428571,0,38.8642857142857,1833,249047,250996,251296,252145,0,NA,250880
1,62,"CEV","scram",50,0.707142857142857,50,35.5857142857143,1233,253195,254545,254844,255694,0,NA,254428
1,63,"CEV","scram",43,0.776142857142857,0,33.1192857142857,736,257244,258110,258410,259259,0,NA,257980
2,64,"IEV","happy",19,0.869208015852151,0,16.6905875058926,854,6522,7505,7805,8654,0,NA,7376
2,65,"IEV","happy",42,0.748048540223624,42,31.7903901875906,1959,9804,11887,12186,13036,0,NA,11763
2,66,"IEV","happy",71,0.593859895432303,0,41.8761865294294,2824,14536,17485,17784,18634,0,NA,17360
2,67,"IEV","happy",46,0.748201278167242,46,34.7705975338203,1969,19784,21867,22166,23016,0,NA,21753
2,68,"IEV","happy",40,0.753353042801319,0,29.8431256636839,1938,24449,26498,26798,27648,0,NA,26387
2,69,"IEV","happy",98,0.502565403760573,0,49.3504119277285,3275,29147,32546,32846,33695,0,NA,32422
2,70,"IEV","happy",16,0.891680129409999,16,13.9276686115534,412,34845,35379,35678,36528,0,NA,35257
2,71,"IEV","happy",27,0.853508063672733,27,23.0691507739087,1078,37628,38827,39127,39977,0,NA,38706
2,72,"IEV","happy",41,0.760928273006648,41,31.4704069357715,1878,41476,43476,43775,44625,0,NA,43354
2,73,"IEV","happy",17,0.887403348835463,17,14.7099613920775,537,45825,46475,46774,47624,0,NA,46362
2,74,"IEV","happy",32,0.835240310891094,0,26.8531416008845,1273,48774,50173,50473,51323,0,NA,50047
2,75,"IEV","happy",41,0.743434418860718,41,30.6816956610929,2006,52572,54688,54988,55838,0,NA,54578
2,76,"IEV","happy",27,0.856385089865799,27,22.7142221239291,1052,57287,58454,58753,59603,0,NA,58339
2,77,"IEV","happy",46,0.746210305272129,46,34.1802367590117,1988,60703,62802,63102,63951,0,NA,62691
2,78,"IEV","happy",27,0.853758595702308,27,23.0385157318892,1078,65201,66401,66701,67550,0,NA,66279
2,79,"IEV","happy",43,0.751241481662552,0,32.2772026705015,1950,68850,70916,71216,72065,0,NA,70800
2,80,"IEV","happy",27,0.850962172357391,27,23.3776403845826,1105,73315,74548,74848,75697,0,NA,74420
2,81,"IEV","happy",46,0.74636387016177,46,34.1680932482877,1984,76947,79047,79346,80196,0,NA,78931
2,82,"IEV","happy",76,0.561579524106089,0,42.6128440135885,2988,81496,84611,84911,85760,0,NA,84484
2,83,"IEV","happy",30,0.851048224383894,30,25.9204401679018,1110,86860,88093,88393,89243,0,NA,87970
2,84,"IEV","happy",40,0.746517366311799,40,29.6768458467843,1974,90343,92442,92741,93591,0,NA,92317
2,85,"IEV","happy",27,0.859317630361025,27,23.2043822910319,1019,94741,95874,96174,97023,0,NA,95760
2,86,"IEV","happy",43,0.744053196861731,43,32.1181162494557,1998,98573,100689,100989,101838,0,NA,100571
2,87,"IEV","happy",28,0.859161970806047,28,24.0831798860663,1020,102972,104104,104404,105254,0,NA,103992
2,88,"IEV","happy",25,0.846735165937858,25,21.3388610955571,1165,106404,107686,107986,108836,0,NA,107569
2,89,"IEV","happy",47,0.733705243028151,47,34.4186424506363,2061,110336,112518,112818,113667,0,NA,112397
2,90,"IEV","happy",89,0.54180531013747,0,48.0679503447354,3088,114767,117983,118283,119132,0,NA,117855
2,91,"IEV","happy",24,0.882505968692331,24,20.8358350005321,647,120532,121298,121598,122448,0,NA,121179
2,92,"IEV","happy",21,0.861387146885309,21,17.7728145853946,985,124014,125114,125413,126263,0,NA,124999
2,93,"IEV","happy",47,0.746977442009582,47,34.866499759663,1981,127763,129862,130162,131011,0,NA,129744
2,94,"IEV","happy",37,0.812454609556454,37,29.9965927182634,1501,132161,133777,134077,134927,0,NA,133662
2,95,"IEV","happy",56,0.653066036052286,56,36.8282182991501,2537,136160,138809,139109,139958,0,NA,138697
2,96,"IEV","happy",63,0.618731375153797,63,39.1213682564015,2722,141158,143990,144290,145140,0,NA,143880
2,97,"IEV","happy",93,0.525145716708635,93,48.8457615252266,3172,146390,149688,149988,150838,0,NA,149562
2,98,"IEV","happy",29,0.860932381817794,0,24.7212031176843,987,151938,153054,153354,154203,0,NA,152925
2,99,"IEV","happy",40,0.754852887061415,40,30.469256449383,1927,155553,157602,157902,158751,0,NA,157480
2,100,"IEV","happy",28,0.844089683648947,28,23.3424069307747,1183,160202,161518,161817,162667,0,NA,161385
2,101,"IEV","happy",76,0.586310269236621,76,44.6672309973168,2883,163767,166766,167065,167915,0,NA,166650
2,102,"IEV","happy",93,0.497782388651117,0,46.0772387867027,3314,169465,172897,173197,174046,0,NA,172779
2,103,"IEV","happy",31,0.844274347781532,31,25.8537380120475,1167,175563,176862,177162,178011,0,NA,176730
2,104,"IEV","happy",47,0.744979315316989,47,35.0223747194973,1985,179361,181477,181777,182626,0,NA,181346
2,105,"IEV","happy",75,0.583317653231912,75,43.6634814926515,2870,183843,186842,187142,187991,0,NA,186713
2,106,"IEV","happy",76,0.563200516580741,76,43.0822527726147,2979,189208,192307,192606,193456,0,NA,192187
2,107,"IEV","happy",83,0.553043677105598,0,45.8671110963066,3033,194673,197822,198121,198971,0,NA,197706
2,108,"IEV","happy",40,0.753803734064234,0,29.8044999253656,1922,200504,202553,202853,203702,0,NA,202426
2,109,"IEV","happy",19,0.871620111056293,0,16.3421505879552,831,204769,205719,206018,206868,0,NA,205600
2,110,"IEV","happy",93,0.505474078294117,93,47.1988569340489,3262,208335,211717,212016,212866,0,NA,211597
2,111,"IEV","happy",111,0.460222772238943,111,51.1396989138066,3476,214432,218031,218331,219180,0,NA,217908
2,112,"IEV","happy",120,0.425555080972748,120,51.1938530520229,3640,220597,224362,224662,225511,0,NA,224237
2,113,"IEV","happy",109,0.445593961899096,0,48.5966646518419,3563,226845,230527,230826,231676,0,NA,230408
2,114,"IEV","happy",36,0.770170384086521,36,27.5988636835323,1809,233143,235075,235375,236224,0,NA,234952
2,115,"IEV","happy",109,0.459386787053838,109,50.25442479514,3497,237458,241073,241373,242222,0,NA,240955
2,116,"IEV","happy",86,0.524113614633322,86,45.2241759700256,3147,243805,247104,247404,248253,0,NA,246952
2,117,"IEV","happy",48,0.740480370976154,48,35.3702051885973,2015,249570,251703,252002,252852,0,NA,251585
2,118,"IEV","happy",89,0.519774533050665,0,46.4913378919437,3192,254369,257684,257984,258833,0,NA,257561
2,119,"IEV","happy",103,0.464193480723654,0,47.7302739033969,3463,259900,263482,263781,264631,0,NA,263363
2,120,"IEV","happy",23,0.862733889497766,23,20.1793715938066,954,266098,267181,267480,268330,0,NA,267052
2,121,"IEV","happy",33,0.78655101343866,33,26.0759691923304,1705,269596,271412,271712,272562,0,NA,271301
2,122,"IEV","happy",45,0.745902969400091,45,33.4586217157994,1972,274028,276127,276427,277277,0,NA,276000
2,123,"IEV","happy",77,0.567649794318017,0,43.9630428012982,2956,278393,281476,281775,282625,0,NA,281349
2,124,"IEV","happy",22,0.86527735608369,22,18.9735331737423,926,284191,285241,285541,286390,0,NA,285117
2,125,"IEV","happy",46,0.75365357384782,46,34.3392957586467,1929,287457,289506,289806,290655,0,NA,289386
2,126,"IEV","happy",87,0.540780494564777,0,47.035100535402,3089,292022,295237,295537,296387,0,NA,295111
3,127,"CEVR","scram",154,0.241514360313316,0,37.2415143603133,816,3214,4148,4447,5297,0,NA,4030
3,128,"CEVR","scram",116,0.307820299500832,116,35.7687188019967,1980,6413,8513,8812,9662,0,NA,8393
3,129,"CEVR","scram",118,0.320465231378372,0,37.9613956941351,2138,11128,13394,13694,14544,0,NA,13266
3,130,"CEVR","scram",120,0.301794453507341,0,36.094616639478,1911,15810,17826,18126,18975,0,NA,17721
3,131,"CEVR","scram",165,0.227552275522755,165,37.4551045510455,502,20342,20958,21258,22108,0,NA,20844
3,132,"CEVR","scram",155,0.232286995515695,0,36.0708520179372,610,23324,24057,24357,25206,0,NA,23934
3,133,"CEVR","scram",82,0.461018155927376,0,37.9220363118547,3387,26773,30272,30571,31421,0,NA,30160
3,134,"CEVR","scram",166,0.219194312796209,0,36.3424170616114,287,32488,32888,33187,34037,0,NA,32775
3,135,"CEVR","scram",147,0.252633632461959,0,37.252633632462,1064,35303,36486,36786,37635,0,NA,36367
3,136,"CEVR","scram",121,0.311372926184179,121,37.6227458523684,2033,39202,41351,41651,42500,0,NA,41235
3,137,"CEVR","scram",89,0.393139040680024,89,35.0343047965999,2893,43917,46933,47232,48082,0,NA,46810
3,138,"CEVR","scram",83,0.455344585091421,83,37.9106891701828,3341,49298,52764,53063,53913,0,NA,52639
3,139,"CEVR","scram",119,0.300394340060311,119,35.7984226397588,1872,55230,57229,57528,58378,0,NA,57102
3,140,"CEVR","scram",129,0.294720072826582,0,37.8841602184797,1794,59645,61561,61860,62710,0,NA,61439
3,141,"CEVR","scram",146,0.247704667176741,0,36.2568859984698,961,63777,64860,65159,66009,0,NA,64738
3,142,"CEVR","scram",77,0.467340310357272,77,36.0653193792855,3411,67559,71091,71390,72240,0,NA,70970
3,143,"CEVR","scram",92,0.394817073170732,92,36.2103658536585,2917,73807,76839,77138,77988,0,NA,76724
3,144,"CEVR","scram",77,0.455024595924104,0,35.1799016163036,3340,79155,82620,82920,83769,0,NA,82495
3,145,"CEVR","scram",146,0.252485864690973,0,36.747514135309,1053,85086,86269,86568,87418,0,NA,86139
3,146,"CEVR","scram",123,0.303776683087028,0,37.303776683087,1930,88635,90684,90983,91833,0,NA,90565
3,147,"CEVR","scram",149,0.250532017798414,0,37.2505320177984,1022,93066,94199,94499,95348,0,NA,94088
3,148,"CEVR","scram",94,0.400804704425874,0,37.8016094088517,2958,96915,99997,100297,101146,0,NA,99873
3,149,"CEVR","scram",151,0.246807699637888,0,37.2468076996379,938,102263,103329,103629,104479,0,NA,103201
3,150,"CEVR","scram",167,0.22787260249868,0,38.1393630124934,504,106062,106678,106978,107827,0,NA,106566
3,151,"CEVR","scram",118,0.308480228680324,0,36.3830395426393,1977,108961,111060,111360,112209,0,NA,110938
3,152,"CEVR","scram",82,0.476979742173112,0,38.9079189686925,3456,113593,117175,117474,118324,0,NA,117049
3,153,"CEVR","scram",98,0.396630934150077,0,38.9831546707504,2907,119457,122489,122789,123639,0,NA,122364
3,154,"CEVR","scram",157,0.233417447728911,0,36.5331651045422,632,124822,125572,125871,126721,0,NA,125454
3,155,"CEVR","scram",128,0.300046339202966,128,38.5002316960148,1869,128254,130237,130536,131386,0,NA,130123
3,156,"CEVR","scram",120,0.305929600755965,120,36.694070399244,1948,132969,135035,135335,136184,0,NA,134917
3,157,"CEVR","scram",118,0.305857345299953,0,36.0824279641001,1945,137368,139433,139733,140583,0,NA,139313
3,158,"CEVR","scram",143,0.254770804642927,0,36.4904583907141,1090,141816,143032,143332,144181,0,NA,142906
3,159,"CEVR","scram",121,0.304634203716773,0,37,1928,145365,147414,147714,148563,0,NA,147293
3,160,"CEVR","scram",147,0.251407493690546,0,37,1028,150146,151296,151596,152445,0,NA,151174
3,161,"CEVR","scram",95,0.400309119010819,95,38.2009273570325,2938,153878,156944,157244,158093,0,NA,156816
3,162,"CEVR","scram",90,0.417472598323662,0,37.4174725983237,3078,159676,162875,163175,164024,0,NA,162754
3,163,"CEVR","scram",120,0.30327868852459,120,36.3934426229508,1901,165258,167290,167590,168439,0,NA,167159
3,164,"CEVR","scram",119,0.311822778714183,0,37,2025,170023,172172,172472,173321,0,NA,172048
3,165,"CEVR","scram",149,0.248894868345185,0,37,977,174455,175554,175854,176703,0,NA,175432
3,166,"CEVR","scram",92,0.392067817135937,92,36.2158643657281,2876,178087,181085,181385,182235,0,NA,180963
3,167,"CEVR","scram",87,0.415064102564103,87,36.1698717948718,3068,183368,186550,186850,187699,0,NA,186436
3,168,"CEVR","scram",151,0.241109663005027,151,36.5177806739899,813,189233,190166,190465,191315,0,NA,190046
3,169,"CEVR","scram",149,0.248847040737894,0,37,978,192498,193598,193897,194747,0,NA,193476
3,170,"CEVR","scram",125,0.300882899628253,125,37.6017657992565,1879,196130,198130,198429,199279,0,NA,198009
3,171,"CEVR","scram",90,0.401924270639354,0,36.1961514587213,2966,200412,203494,203794,204643,0,NA,203378
3,172,"CEVR","scram",148,0.253672869735553,0,37.5073457394711,1086,205727,206926,207226,208076,0,NA,206813
3,173,"CEVR","scram",125,0.30549657938193,125,38.2219863175277,1943,209409,211475,211774,212624,0,NA,211352
3,174,"CEVR","scram",94,0.395661472655057,94,37,2914,214007,217040,217339,218189,0,NA,216921
3,175,"CEVR","scram",118,0.311597690086622,118,36.6884023099134,2021,219472,221621,221921,222770,0,NA,221493
3,176,"CEVR","scram",122,0.300673322498259,122,36.6993266775017,1885,224204,226203,226503,227352,0,NA,226089
3,177,"CEVR","scram",88,0.39760515812097,0,35.0119742093951,2924,228885,231934,232234,233083,0,NA,231809
3,178,"CEVR","scram",143,0.25522270398108,143,36.4895545920378,1113,234417,235650,235949,236799,0,NA,235530
3,179,"CEVR","scram",121,0.307747148288973,0,37.307747148289,1972,237882,239981,240281,241131,0,NA,239854
3,180,"CEVR","scram",144,0.261194029850746,0,37.5223880597015,1235,242614,243963,244263,245113,0,NA,243849
3,181,"CEVR","scram",91,0.397361153728138,0,36.2052776925437,2924,246596,249645,249944,250794,0,NA,249520
3,182,"CEVR","scram",145,0.251017639077341,0,36.4979647218453,1033,252377,253527,253826,254676,0,NA,253410
3,183,"CEVR","scram",169,0.223584254143646,0,37.8943370165746,398,255859,256376,256675,257525,0,NA,256257
3,184,"CEVR","scram",121,0.305208578835729,0,37,1940,258708,260774,261074,261923,0,NA,260648
3,185,"CEVR","scram",93,0.391002415458937,0,36.2179951690821,2886,263123,266122,266422,267272,0,NA,266009
3,186,"CEVR","scram",169,0.224203601108033,0,37.8968144044321,406,268755,269288,269587,270437,0,NA,269161
3,187,"CEVR","scram",73,0.474706744868035,0,34.6264662756598,3457,272020,275602,275902,276751,0,NA,275477
3,188,"CEVR","scram",172,0.21849164838873,0,37.6554749451662,266,278135,278518,278818,279667,0,NA,278401
3,189,"CEVR","scram",138,0.260878323932313,0,35.9564867042708,1222,280917,282267,282566,283416,0,NA,282139
4,190,"DEV","fear",69,0.709552349284173,69,48.6740112019884,596,3780,4497,4796,5646,0,NA,4376
4,191,"DEV","fear",78,0.606313980401462,78,47.5548628221767,1090,7229,8429,8728,9578,0,NA,8319
4,192,"DEV","fear",76,0.46533345717968,76,35.4060814743028,1920,11061,13094,13393,14243,0,NA,12981
4,193,"DEV","fear",85,0.35473836144412,85,30.2612298418307,2944,15726,18792,19091,19941,0,NA,18670
4,194,"DEV","fear",82,0.321411983236035,82,26.4704345056769,3361,21124,24606,24906,25756,0,NA,24485
4,195,"DEV","fear",84,0.30604354063204,0,25.6541557629978,3572,26889,30571,30870,31720,0,NA,30461
4,196,"DEV","fear",80,0.570759848486664,0,45.8622882866573,1262,33153,34536,34836,35685,0,NA,34415
4,197,"DEV","fear",76,0.465608024379394,0,35.4235490305534,1909,37069,39101,39401,40250,0,NA,38978
4,198,"DEV","fear",77,0.638084621518446,77,48.8730636003815,931,41484,42533,42833,43683,0,NA,42415
4,199,"DEV","fear",82,0.465608024379394,82,38.2171971768298,1903,44882,46899,47198,48048,0,NA,46785
4,200,"DEV","fear",86,0.365261101343603,0,31.4034646891485,2805,49298,52230,52529,53379,0,NA,52103
4,201,"DEV","fear",75,0.452614020736493,0,34.1410047127491,1996,54746,56862,57161,58011,0,NA,56742
4,202,"DEV","fear",74,0.593699119823819,74,43.7918249886275,1131,59461,60710,61010,61860,0,NA,60592
4,203,"DEV","fear",75,0.78157678004602,75,58.8801374044539,315,63159,63593,63892,64742,0,NA,63474
4,204,"DEV","fear",65,0.799142305132839,65,51.7253347988251,239,65942,66308,66608,67458,0,NA,66181
4,205,"DEV","fear",74,0.56832427539205,0,42.2922171886289,1253,68857,70240,70540,71390,0,NA,70110
4,206,"DEV","fear",71,0.755909791793812,0,53.8057814710237,411,72839,73373,73672,74522,0,NA,73250
4,207,"DEV","fear",85,0.331921019849993,0,28.2224529540862,3214,75622,78954,79253,80103,0,NA,78836
4,208,"DEV","fear",79,0.461519197434892,0,36.5476705763096,1927,81703,83752,84052,84901,0,NA,83630
4,209,"DEV","fear",75,0.624898567400405,0,46.8325870485553,977,86001,87101,87401,88250,0,NA,86978
4,210,"DEV","fear",84,0.351132451820148,84,29.6424841647789,2989,89550,92649,92949,93798,0,NA,92539
4,211,"DEV","fear",79,0.480426984821486,0,37.80305497728,1802,95298,97214,97514,98363,0,NA,97100
4,212,"DEV","fear",71,0.61449215440669,0,43.763266352666,1036,99863,101013,101312,102162,0,NA,100899
4,213,"DEV","fear",80,0.344302477552243,0,27.4188391616148,3058,103362,106544,106844,107693,0,NA,106420
4,214,"DEV","fear",71,0.695775510515977,71,49.3986513741615,664,109293,110076,110376,111226,0,NA,109957
4,215,"DEV","fear",74,0.643055216417242,74,47.8819010494793,901,112775,113792,114091,114941,0,NA,113676
4,216,"DEV","fear",77,0.556717028343499,77,42.7077725650914,1337,116441,117890,118190,119039,0,NA,117778
4,217,"DEV","fear",77,0.572265547476618,0,44.2443197430717,1246,120539,121906,122205,123055,0,NA,121785
4,218,"DEV","fear",81,0.453267927212746,0,36.9018816825111,1996,124505,126621,126920,127770,0,NA,126501
4,219,"DEV","fear",72,0.787051316102985,0,56.7842913061012,290,128970,129386,129686,130535,0,NA,129260
4,220,"DEV","fear",77,0.591529916311244,0,45.4396697584977,1136,132035,133302,133601,134451,0,NA,133171
4,221,"DEV","fear",83,0.355584144467333,0,29.6127269480319,2934,135551,138600,138899,139749,0,NA,138485
4,222,"DEV","fear",69,0.81860131436376,69,56.4977114876234,178,140899,141199,141498,142348,0,NA,141077
4,223,"DEV","fear",68,0.770457522228154,68,52.1655531937019,367,143848,144331,144631,145480,0,NA,144215
4,224,"DEV","fear",66,0.878251622126757,66,57.5732612146559,0,146730,146813,147113,147963,0,NA,146730
4,225,"DEV","fear",67,0.788097329785158,0,52.8908982304763,295,149063,149479,149779,150628,0,NA,149358
4,226,"DEV","fear",71,0.809764375047471,71,57.7718069803822,206,152028,152362,152661,153511,0,NA,152234
4,227,"DEV","fear",68,0.81029806822303,68,55.3631932777572,216,154961,155294,155593,156443,0,NA,155177
4,228,"DEV","fear",68,0.828044793399975,0,56.0246087726859,142,157843,158110,158409,159259,0,NA,157985
4,229,"DEV","fear",66,0.801523604281709,66,52.613096350594,244,160509,160875,161175,162024,0,NA,160753
4,230,"DEV","fear",73,0.758192032496632,0,55.4291155244656,422,163274,163808,164107,164957,0,NA,163696
4,231,"DEV","fear",70,0.80816476371953,70,56.89659728289,209,166440,166773,167073,167922,0,NA,166649
4,232,"DEV","fear",70,0.810565006379003,70,56.994649889595,204,169272,169605,169905,170755,0,NA,169476
4,233,"DEV","fear",63,0.893191562013237,63,56.1352264069234,0,172105,172138,172437,173287,0,NA,172105
4,234,"DEV","fear",69,0.720657968279854,69,49.9195163749191,562,174754,175437,175753,176586,0,NA,175316
4,235,"DEV","fear",76,0.709073068436328,76,53.6146107710228,620,178036,178769,179068,179918,0,NA,178656
4,236,"DEV","fear",75,0.447443633561195,75,33.3666651771885,2052,181268,183434,183733,184583,0,NA,183320
4,237,"DEV","fear",81,0.351883131868474,0,28.6418563683732,2980,186033,189132,189431,190281,0,NA,189013
4,238,"DEV","fear",80,0.462875090547045,80,37.1010500961374,1936,191431,193480,193780,194630,0,NA,193367
4,239,"DEV","fear",76,0.496824973407539,76,37.8861074130053,1693,196179,197996,198295,199145,0,NA,197872
4,240,"DEV","fear",75,0.596275528834194,0,44.5382746662391,1121,200744,201994,202294,203143,0,NA,201865
4,241,"DEV","fear",80,0.456430470847189,80,36.663786407577,1979,204243,206343,206642,207492,0,NA,206222
4,242,"DEV","fear",81,0.441379827051975,0,35.6363203429903,2085,208742,210958,211257,212107,0,NA,210827
4,243,"DEV","fear",75,0.477112350643078,75,35.6755854827295,1816,213257,215206,215506,216355,0,NA,215073
4,244,"DEV","fear",80,0.599265540264913,0,47.7113754206594,1105,217572,218805,219104,219954,0,NA,218677
4,245,"DEV","fear",77,0.458828409229183,77,35.4501910739699,1961,221254,223337,223636,224486,0,NA,223215
4,246,"DEV","fear",82,0.454317723950213,82,37.4287183169294,1989,225636,227752,228051,228901,0,NA,227625
4,247,"DEV","fear",83,0.461113797708193,83,38.3650516116357,1934,230018,232067,232366,233216,0,NA,231952
4,248,"DEV","fear",79,0.458828409229183,79,36.3678478924283,1948,234633,236699,236998,237848,0,NA,236581
4,249,"DEV","fear",78,0.45896228648638,78,35.9178392393863,1948,239364,241430,241730,242579,0,NA,241312
4,250,"DEV","fear",82,0.441754384203011,0,36.1037499514728,2081,243846,246045,246345,247195,0,NA,245927
4,251,"DEV","fear",81,0.345443387019889,0,27.8426529120822,3045,248361,251527,251826,252676,0,NA,251406
4,252,"DEV","fear",75,0.597071060269921,75,44.5853600017924,1110,254292,255525,255825,256675,0,NA,255402
5,253,"IEV","scram",24,0.890822184279878,24,21.2162243874875,430,3380,3930,4229,5079,0,NA,3810
5,254,"IEV","scram",25,0.858771395046355,0,21.5556452378034,1016,6196,7328,7628,8478,0,NA,7212
5,255,"IEV","scram",20,0.89602192819088,20,17.5413106060154,237,9944,10311,10610,11460,0,NA,10181
5,256,"IEV","scram",42,0.753353042801319,42,31.3498317492865,1929,12827,14876,15175,16025,0,NA,14756
5,257,"IEV","scram",58,0.648410107199602,58,37.7968667344032,2542,17142,19807,20107,20957,0,NA,19684
5,258,"IEV","scram",88,0.547126093876328,88,48.360331379137,3061,22273,25455,25755,26605,0,NA,25334
5,259,"IEV","scram",97,0.505889424530018,0,49.2021667949752,3255,28021,31403,31703,32552,0,NA,31276
5,260,"IEV","scram",86,0.554062038661024,0,47.4764688944365,3027,34019,37168,37468,38317,0,NA,37046
5,261,"IEV","scram",20,0.888699248130624,20,18.0340518759747,493,39884,40500,40800,41649,0,NA,40377
5,262,"IEV","scram",25,0.849311595094752,25,21.0270544751494,1125,42816,44066,44365,45215,0,NA,43941
5,263,"IEV","scram",26,0.844826369486131,26,21.5668810502273,1177,46631,47931,48231,49080,0,NA,47808
5,264,"IEV","scram",31,0.803703132949718,0,25.1981777099503,1568,50447,52129,52429,53279,0,NA,52015
5,265,"IEV","scram",26,0.828359555536166,26,21.784744614513,1352,54795,56261,56561,57410,0,NA,56147
5,266,"IEV","scram",23,0.872000981862039,23,19.7744268800399,827,58927,59877,60176,61026,0,NA,59754
5,267,"IEV","scram",31,0.841753672301405,31,26.1376316949776,1214,62292,63625,63925,64775,0,NA,63506
5,268,"IEV","scram",30,0.847987579556825,30,25.4278199898031,1147,66341,67607,67907,68757,0,NA,67488
5,269,"IEV","scram",81,0.557926484472105,0,45.0548386384454,3014,70023,73155,73455,74304,0,NA,73037
5,270,"IEV","scram",42,0.74896393053473,42,31.714812135088,1962,75921,78004,78303,79153,0,NA,77883
5,271,"IEV","scram",50,0.737029458113697,0,37.1081873954531,2043,80486,82652,82952,83801,0,NA,82529
5,272,"IEV","scram",28,0.848607751944408,28,23.6585310707429,1154,85284,86551,86850,87700,0,NA,86438
5,273,"IEV","scram",39,0.782657108668342,0,30.3581256987658,1727,89316,91166,91465,92315,0,NA,91043
5,274,"IEV","scram",26,0.871107828862282,26,22.5145486925155,851,93482,94448,94747,95597,0,NA,94333
5,275,"IEV","scram",23,0.846645092010732,23,19.656387027645,1170,96714,97997,98296,99146,0,NA,97884
5,276,"IEV","scram",24,0.859317630361025,24,20.6264293999488,1022,100313,101445,101745,102595,0,NA,101335
5,277,"IEV","scram",32,0.787215911120874,32,25.225317202018,1686,103811,105627,105927,106776,0,NA,105497
5,278,"IEV","scram",48,0.73639853578204,48,35.6821154608141,2043,108393,110559,110859,111708,0,NA,110436
5,279,"IEV","scram",64,0.621436337403941,0,39.5677406821372,2688,112875,115690,115990,116840,0,NA,115563
5,280,"IEV","scram",22,0.855491684088595,0,18.5477234914421,1062,117956,119139,119439,120288,0,NA,119018
5,281,"IEV","scram",41,0.749268506805613,0,30.940355581141,1955,121455,123538,123837,124687,0,NA,123410
5,282,"IEV","scram",21,0.870199063570002,21,18.2887440316548,855,126153,127136,127436,128286,0,NA,127008
5,283,"IEV","scram",25,0.832511579228002,25,20.485596731106,1314,129502,130935,131235,132084,0,NA,130816
5,284,"IEV","scram",45,0.761953552693194,45,34.4315300859799,1869,133401,135400,135700,136549,0,NA,135270
5,285,"IEV","scram",45,0.744362176408472,45,33.5816191603913,2002,137816,139932,140232,141081,0,NA,139818
5,286,"IEV","scram",60,0.683727299205572,60,40.7948224972022,2365,142298,144780,145080,145929,0,NA,144663
5,287,"IEV","scram",72,0.579316910820253,72,41.5703419713846,2909,147496,150528,150828,151677,0,NA,150405
5,288,"IEV","scram",99,0.501110273512556,99,49.4149471491958,3286,152944,156360,156659,157509,0,NA,156230
5,289,"IEV","scram",97,0.497574312690049,0,48.0781312427777,3329,159125,162557,162857,163706,0,NA,162454
5,290,"IEV","scram",23,0.892461100297561,23,20.9174447390698,399,165173,165690,165989,166839,0,NA,165572
5,291,"IEV","scram",25,0.850270802811428,25,20.909738552734,1121,168489,169722,170021,170871,0,NA,169610
5,292,"IEV","scram",45,0.739698929638186,0,33.2110889971031,2034,172237,174387,174686,175536,0,NA,174271
5,293,"IEV","scram",69,0.593067390865583,0,40.7371662443654,2828,176819,179768,180068,180917,0,NA,179647
5,294,"IEV","scram",31,0.850270802811428,0,26.0113633696025,1108,182267,183500,183800,184649,0,NA,183375
5,295,"IEV","scram",44,0.755152011428902,44,33.4644297636334,1913,186233,188265,188565,189414,0,NA,188146
5,296,"IEV","scram",39,0.752901720147393,39,29.128857320351,1939,190697,192747,193046,193896,0,NA,192636
5,297,"IEV","scram",35,0.81581334120152,0,28.8552466539428,1471,195429,197012,197312,198161,0,NA,196900
5,298,"IEV","scram",42,0.734816568440394,0,30.6583647755867,2044,199295,201460,201760,202610,0,NA,201339
5,299,"IEV","scram",22,0.86369018530514,22,19.1884423984875,940,203943,205009,205309,206158,0,NA,204883
5,300,"IEV","scram",33,0.831485814681195,33,27.2546242791832,1306,207442,208874,209174,210024,0,NA,208748
5,301,"IEV","scram",76,0.586907958826809,76,44.6345735063989,2864,211557,214539,214839,215688,0,NA,214421
5,302,"IEV","scram",29,0.850530681708441,0,24.2799586960661,1111,217172,218404,218704,219554,0,NA,218283
5,303,"IEV","scram",25,0.851904233588158,25,21.5602712247037,1091,220687,221903,222203,223052,0,NA,221778
5,304,"IEV","scram",36,0.813271503899359,36,29.10456859608,1473,224586,226185,226485,227334,0,NA,226059
5,305,"IEV","scram",35,0.824619629505308,35,28.7946361938402,1377,228967,230467,230766,231616,0,NA,230344
5,306,"IEV","scram",94,0.512735719730869,94,48.3804714035509,3236,233199,236548,236848,237697,0,NA,236435
5,307,"IEV","scram",109,0.463984508339425,0,50.5241074954348,3463,239181,242763,243062,243912,0,NA,242644
5,308,"IEV","scram",17,0.885244429146017,17,15.0836770414995,575,245245,245945,246244,247094,0,NA,245820
5,309,"IEV","scram",103,0.467536777188441,0,48.0384013271279,3443,248227,251793,252092,252942,0,NA,251670
5,310,"IEV","scram",24,0.869738813650231,24,20.9632540295416,870,254075,255058,255358,256207,0,NA,254945
5,311,"IEV","scram",73,0.617376014446905,0,44.7651224739583,2707,257691,260523,260823,261672,0,NA,260398
5,312,"IEV","scram",40,0.777596806259266,0,30.805657238948,1763,263155,265038,265338,266187,0,NA,264918
5,313,"IEV","scram",25,0.849311595094752,0,21.0270544751494,1128,267771,269020,269320,270169,0,NA,268899
5,314,"IEV","scram",88,0.54753479584116,0,48.3410445226794,3061,271553,274735,275034,275884,0,NA,274614
5,315,"IEV","scram",18,0.870914409142865,18,15.57397030249,851,277367,278333,278633,279483,0,NA,278218
6,316,"DEV","happy",74,0.634010660300366,74,46.7280067096363,937,4436,5486,5785,6635,0,NA,5373
6,317,"DEV","happy",83,0.481007422011016,0,39.7653910420045,1804,7968,9884,10184,11033,0,NA,9772
6,318,"DEV","happy",72,0.601871811261014,0,43.0630765737505,1103,12517,13733,14032,14882,0,NA,13620
6,319,"DEV","happy",68,0.778979987930573,0,53.3000399963515,338,16265,16715,17015,17864,0,NA,16603
6,320,"DEV","happy",78,0.364293072391187,0,28.4169098770264,2828,19347,22296,22596,23446,0,NA,22175
6,321,"DEV","happy",79,0.462331890249548,79,36.6019257202696,1936,24779,26828,27128,27977,0,NA,26715
6,322,"DEV","happy",84,0.447060182621358,84,37.3663057499041,2049,29461,31626,31926,32776,0,NA,31510
6,323,"DEV","happy",79,0.451311304259917,0,35.8639833692262,2023,33959,36092,36391,37241,0,NA,35982
6,324,"DEV","happy",81,0.467123225422335,81,37.8555056568086,1893,38674,40690,40990,41839,0,NA,40567
6,325,"DEV","happy",78,0.458160064622959,0,35.8649787836825,1965,43222,45305,45605,46454,0,NA,45187
6,326,"DEV","happy",72,0.705249618519265,0,50.5833123022822,630,47854,48604,48903,49753,0,NA,48484
6,327,"DEV","happy",82,0.449369909893502,82,36.6322368312363,2027,51036,53186,53485,54335,0,NA,53063
6,328,"DEV","happy",86,0.376563662596059,86,32.2433248019106,2690,55468,58284,58583,59433,0,NA,58158
6,329,"DEV","happy",86,0.335235710656961,0,28.804451620978,3173,60633,63932,64231,65081,0,NA,63806
6,330,"DEV","happy",78,0.623848763539615,78,48.6427808525755,1002,66214,67331,67630,68480,0,NA,67216
6,331,"DEV","happy",83,0.479125318829128,0,39.6336008298185,1813,69863,71796,72095,72945,0,NA,71676
6,332,"DEV","happy",72,0.577767707858551,0,41.6990428168135,1204,74561,75894,76194,77043,0,NA,75765
6,333,"DEV","happy",76,0.417569169312192,76,31.9054956188442,2296,78477,80892,81192,82042,0,NA,80773
6,334,"DEV","happy",83,0.335632100289972,0,27.8274089094391,3177,83325,86624,86923,87773,0,NA,86502
6,335,"DEV","happy",78,0.613051530261786,0,47.9752056197702,1046,89356,90522,90822,91672,0,NA,90402
6,336,"DEV","happy",83,0.481589042413191,83,39.8060878778093,1797,93105,95021,95320,96170,0,NA,94902
6,337,"DEV","happy",78,0.460843881294381,0,36.0417228746802,1949,97403,99469,99769,100619,0,NA,99352
6,338,"DEV","happy",72,0.577576829510734,72,41.6881069242828,1204,101968,103301,103601,104451,0,NA,103172
6,339,"DEV","happy",77,0.461113797708193,0,35.5983688253866,1927,105850,107900,108199,109049,0,NA,107777
6,340,"DEV","happy",77,0.581217554071666,77,44.8024255786806,1193,110199,111515,111815,112664,0,NA,111392
6,341,"DEV","happy",86,0.349471638543513,0,30.219581606792,2995,114114,117230,117529,118379,0,NA,117109
6,342,"DEV","happy",77,0.590547198600664,77,45.379210618053,1137,119929,121195,121495,122344,0,NA,121066
6,343,"DEV","happy",74,0.456961409661281,74,33.9581036022127,1960,123594,125677,125976,126826,0,NA,125554
6,344,"DEV","happy",80,0.44808405277833,80,35.646991154144,2033,128226,130375,130675,131524,0,NA,130259
6,345,"DEV","happy",75,0.457227293261329,75,34.4318024225759,1954,132924,135007,135306,136156,0,NA,134878
6,346,"DEV","happy",77,0.43583119634038,77,33.5120256553002,2133,137256,139505,139805,140655,0,NA,139389
6,347,"DEV","happy",77,0.581025198173519,0,44.7904808501987,1195,142154,143471,143770,144620,0,NA,143349
6,348,"DEV","happy",76,0.450403431799018,76,34.4517706166836,2009,145920,148052,148352,149202,0,NA,147929
6,349,"DEV","happy",82,0.535329831777109,82,44.0373703435892,1439,150801,152367,152667,153517,0,NA,152240
6,350,"DEV","happy",78,0.679490153005731,78,53.3128667801851,722,154817,155666,155966,156816,0,NA,155539
6,351,"DEV","happy",83,0.52449480402398,0,43.2920772131467,1518,158315,159948,160248,161097,0,NA,159833
6,352,"DEV","happy",76,0.414665551920665,76,31.7182147496443,2313,162497,164930,165229,166079,0,NA,164810
6,353,"DEV","happy",81,0.450532925239125,81,36.7127497305573,2018,167329,169461,169761,170611,0,NA,169347
6,354,"DEV","happy",84,0.435953091116292,84,36.5715914934076,2126,172110,174360,174659,175509,0,NA,174236
6,355,"DEV","happy",74,0.635294023403165,74,46.800836780889,925,176859,177909,178208,179058,0,NA,177784
6,356,"DEV","happy",80,0.557262400949603,0,44.413601570747,1321,180308,181757,182057,182906,0,NA,181629
6,357,"DEV","happy",81,0.355330115621513,0,28.883757479892,2941,184206,187255,187555,188404,0,NA,187147
6,358,"DEV","happy",76,0.455107944376332,0,34.7534202133859,1977,190054,192154,192453,193303,0,NA,192031
6,359,"DEV","happy",74,0.578340835338874,74,42.8885480329977,1199,194753,196085,196385,197235,0,NA,195952
6,360,"DEV","happy",71,0.581602512168922,71,41.3367089209484,1204,198435,199751,200050,200900,0,NA,199639
6,361,"DEV","happy",76,0.492866735868084,0,37.6351786726476,1718,202400,204233,204532,205382,0,NA,204118
6,362,"DEV","happy",83,0.461925228011712,0,38.4224812491828,1938,206832,208881,209181,210030,0,NA,208770
6,363,"DEV","happy",74,0.601469944555389,0,44.2435582880912,1096,211630,212846,213146,213995,0,NA,212726
6,364,"DEV","happy",78,0.339138323857033,78,26.3847944542046,3132,215495,218744,219044,219893,0,NA,218627
6,365,"DEV","happy",78,0.581987798674956,78,45.4322221257772,1191,221443,222759,223059,223909,0,NA,222634
6,366,"DEV","happy",81,0.47854871580371,81,38.6360985416969,1818,225059,226991,227291,228140,0,NA,226877
6,367,"DEV","happy",78,0.466571247040436,78,36.4179464390342,1894,229490,231506,231806,232656,0,NA,231384
6,368,"DEV","happy",73,0.601469944555389,73,43.6420883435358,1090,234155,235372,235671,236521,0,NA,235245
6,369,"DEV","happy",80,0.453398912882373,80,36.4575334679207,2005,237971,240087,240386,241236,0,NA,239976
6,370,"DEV","happy",83,0.357113695782535,83,29.7228962705799,2912,242536,245568,245868,246717,0,NA,245448
6,371,"DEV","happy",75,0.591923578102329,75,44.2800256404597,1141,248317,249583,249883,250733,0,NA,249458
6,372,"DEV","happy",78,0.608753689866485,78,47.7074004472747,1072,252282,253465,253765,254615,0,NA,253354
6,373,"DEV","happy",78,0.462467584837714,0,36.1485145154273,1927,256264,258314,258613,259463,0,NA,258191
6,374,"DEV","happy",71,0.608753689866485,71,43.4461246182093,1072,260663,261846,262145,262995,0,NA,261735
6,375,"DEV","happy",79,0.548624420557375,79,43.2980610790869,1372,264245,265744,266044,266894,0,NA,265617
6,376,"DEV","happy",84,0.483634054882329,84,40.4327019891192,1776,268543,270443,270742,271592,0,NA,270319
6,377,"DEV","happy",80,0.458160064622959,0,36.7812989129285,1966,272792,274875,275174,276024,0,NA,274758
6,378,"DEV","happy",78,0.520515883544512,78,40.4143939589871,1554,277374,279040,279339,280189,0,NA,278928
7,379,"IEV","fear",22,0.856948469738214,22,19.2161031031601,1019,4021,5171,5470,6320,0,NA,5040
7,380,"IEV","fear",45,0.749420690958069,0,33.9252930257634,1958,7720,9802,10102,10951,0,NA,9678
7,381,"IEV","fear",29,0.840995313123843,29,24.5402611231708,1237,12451,13801,14100,14950,0,NA,13688
7,382,"IEV","fear",26,0.863250520492513,0,22.7005014889744,953,16100,17183,17483,18332,0,NA,17053
7,383,"IEV","fear",37,0.781027211124577,37,28.9410112683333,1740,19632,21498,21798,22647,0,NA,21372
7,384,"IEV","fear",67,0.599392497830588,67,40.3463946189677,2809,23797,26730,27029,27879,0,NA,26606
7,385,"IEV","fear",92,0.515221837292864,0,47.2341338475314,3237,29179,32528,32827,33677,0,NA,32416
7,386,"IEV","fear",63,0.656954121649978,63,41.1571519260289,2506,35077,37709,38009,38858,0,NA,37583
7,387,"IEV","fear",34,0.781163450695485,34,26.5851623693697,1749,40508,42374,42674,43523,0,NA,42257
7,388,"IEV","fear",51,0.690063468186926,51,34.8616209215609,2302,44740,47172,47472,48322,0,NA,47042
7,389,"IEV","fear",35,0.769601485772674,35,26.880842977348,1839,49921,51871,52170,53020,0,NA,51760
7,390,"IEV","fear",36,0.776627908256752,36,27.7840175349069,1780,54670,56569,56869,57718,0,NA,56450
7,391,"IEV","fear",28,0.8278313806615,28,23.4991387379739,1343,59385,60851,61151,62000,0,NA,60728
7,392,"IEV","fear",44,0.753052231136537,44,32.8810893312405,1927,63284,65333,65632,66482,0,NA,65211
7,393,"IEV","fear",32,0.832919597353709,0,26.2692831910598,1312,67632,69065,69364,70214,0,NA,68944
7,394,"IEV","fear",82,0.549577005361892,82,44.9469349442072,3049,71631,74796,75096,75945,0,NA,74680
7,395,"IEV","fear",104,0.470670550798774,0,48.832434882545,3428,77362,80911,81210,82060,0,NA,80790
7,396,"IEV","fear",43,0.752600488006092,43,32.165320275159,1919,83426,85476,85775,86625,0,NA,85345
7,397,"IEV","fear",61,0.635411665083736,61,38.6622492753609,2607,88191,90924,91223,92073,0,NA,90798
7,398,"IEV","fear",42,0.750484036131656,42,31.5888959888221,1937,93490,95556,95855,96705,0,NA,95427
7,399,"IEV","fear",27,0.851989383469187,27,23.2537815288222,1098,97921,99138,99437,100287,0,NA,99019
7,400,"IEV","fear",43,0.762975312232738,43,32.8230187626288,1860,101653,103636,103936,104785,0,NA,103513
7,401,"IEV","fear",44,0.748353946995586,44,33.2619031127974,1969,106452,108534,108834,109683,0,NA,108421
7,402,"IEV","fear",45,0.757683156990638,45,34.0161797972427,1895,110850,112866,113166,114015,0,NA,112745
7,403,"IEV","fear",24,0.846283975176332,24,20.5466999327886,1160,115532,116815,117114,117964,0,NA,116692
7,404,"IEV","fear",33,0.839943993907095,0,28.0188605358335,1227,119580,120930,121230,122079,0,NA,120807
7,405,"IEV","fear",52,0.72225227202675,52,37.4595314266233,2139,123646,125895,126195,127044,0,NA,125785
7,406,"IEV","fear",43,0.734975064188338,43,31.3802340580585,2043,128661,130826,131126,131976,0,NA,130704
7,407,"IEV","fear",77,0.580918638522075,0,44.9599386600318,2892,133492,136508,136807,137657,0,NA,136384
7,408,"IEV","fear",38,0.807711664426073,0,30.4486583104121,1525,138924,140573,140873,141722,0,NA,140449
7,409,"IEV","fear",40,0.751241481662552,40,30.0234782255138,1941,143089,145155,145454,146304,0,NA,145030
7,410,"IEV","fear",42,0.740324217618017,42,30.9402558527464,2008,147870,150003,150303,151152,0,NA,149878
7,411,"IEV","fear",45,0.753052231136537,45,33.6341415623771,1928,152819,154868,155168,156017,0,NA,154747
7,412,"IEV","fear",47,0.735291856577371,47,34.2955079334435,2038,157201,159366,159666,160516,0,NA,159239
7,413,"IEV","fear",44,0.751241481662552,44,33.0284441521641,1954,161682,163748,164048,164897,0,NA,163636
7,414,"IEV","fear",32,0.843347742772555,32,26.8019225824132,1201,166264,167580,167880,168729,0,NA,167465
7,415,"IEV","fear",44,0.741415872059296,44,32.3325677661142,2006,170196,172329,172628,173478,0,NA,172202
7,416,"IEV","fear",51,0.682841615274585,0,34.7064308007266,2366,174745,177227,177526,178376,0,NA,177111
7,417,"IEV","fear",40,0.761514577589458,40,30.6593493894578,1879,179843,181842,182142,182991,0,NA,181722
7,418,"IEV","fear",24,0.843440772753615,24,20.0439892621788,1193,184508,185824,186123,186973,0,NA,185701
7,419,"IEV","fear",87,0.529682102001828,0,45.9885052971816,3154,188290,191555,191855,192704,0,NA,191444
7,420,"IEV","fear",49,0.685670974530281,49,33.8121912552162,2344,193921,196387,196686,197536,0,NA,196265
7,421,"IEV","fear",45,0.739072563956863,0,33.2609537232314,2034,199003,201152,201451,202301,0,NA,201037
7,422,"IEV","fear",33,0.823314465986947,33,27.2801003925997,1392,203568,205084,205383,206233,0,NA,204960
7,423,"IEV","fear",30,0.814316035093728,30,24.1165374559483,1470,207450,209049,209349,210198,0,NA,208920
7,424,"IEV","fear",13,0.895468585491393,13,11.385334377797,277,211415,211815,212114,212964,0,NA,211692
7,425,"IEV","fear",81,0.550801276449114,81,44.8814308768019,3039,214131,217296,217596,218445,0,NA,217170
7,426,"IEV","fear",101,0.496950028083162,0,50.0951959072964,3305,220062,223494,223794,224643,0,NA,223367
7,427,"IEV","fear",77,0.59544332059033,0,45.9499305803752,2825,225910,228859,229158,230008,0,NA,228735
7,428,"IEV","fear",25,0.851305888306516,25,21.633674408767,1115,231325,232557,232857,233707,0,NA,232440
7,429,"IEV","fear",45,0.739385881378815,45,33.2360208475192,2027,235323,237472,237772,238622,0,NA,237350
7,430,"IEV","fear",42,0.751997183916243,42,31.4630426116699,1945,239988,242054,242354,243203,0,NA,241933
7,431,"IEV","fear",27,0.848430970300287,27,22.8310265241584,1152,244870,246136,246436,247285,0,NA,246022
7,432,"IEV","fear",39,0.752751139093868,39,29.1418873709907,1929,248819,250868,251167,252017,0,NA,250748
7,433,"IEV","fear",22,0.855573311768338,22,18.5372055726351,1066,253683,254866,255166,256015,0,NA,254749
7,434,"IEV","fear",40,0.75214811483906,40,29.946164660014,1944,257682,259748,260048,260897,0,NA,259626
7,435,"IEV","fear",69,0.599589599782756,0,41.5333194466536,2808,262164,265096,265396,266245,0,NA,264972
7,436,"IEV","fear",31,0.843997228416988,31,25.8851504948666,1199,267762,269078,269378,270227,0,NA,268961
7,437,"IEV","fear",43,0.742348935380737,43,32.2568654461014,2005,271744,273876,274176,275025,0,NA,273749
7,438,"IEV","fear",23,0.847273885182731,23,19.5795056842672,1149,276509,277775,278075,278924,0,NA,277658
7,439,"IEV","fear",25,0.841185395338996,25,21.1539630998215,1208,280507,281840,282140,282989,0,NA,281715
7,440,"IEV","fear",40,0.737501948644493,40,29.6981225712153,2019,284573,286722,287021,287871,0,NA,286592
7,441,"IEV","fear",30,0.850184012412742,30,25.1713016671942,1122,289038,290287,290587,291436,0,NA,290160
8,442,"DEV","scram",72,0.630602600404824,72,45.2728502067127,939,3754,4820,5120,5969,0,NA,4693
8,443,"DEV","scram",75,0.610591205457768,75,45.990267791793,1051,7203,8369,8669,9518,0,NA,8254
8,444,"DEV","scram",82,0.516908619505734,82,42.2500143252286,1565,10785,12468,12767,13617,0,NA,12350
8,445,"DEV","scram",84,0.450403431799018,0,38.0549980710757,2011,14900,17033,17332,18182,0,NA,16911
8,446,"DEV","scram",79,0.516094115140291,0,40.6460022916666,1558,19582,21265,21564,22414,0,NA,21140
8,447,"DEV","scram",79,0.577767707858551,79,45.7434167718233,1201,23647,24980,25280,26129,0,NA,24848
8,448,"DEV","scram",72,0.565531200683221,72,40.9938851628866,1284,27512,28912,29211,30061,0,NA,28796
8,449,"DEV","scram",74,0.521175863198597,74,38.3720735098045,1529,31194,32844,33143,33993,0,NA,32723
8,450,"DEV","scram",82,0.538089926293056,0,44.2263097028656,1420,35326,36876,37175,38025,0,NA,36746
8,451,"DEV","scram",76,0.607532361640843,76,46.4160211534724,1055,39708,40891,41191,42040,0,NA,40763
8,452,"DEV","scram",76,0.550587397604371,76,41.773507183884,1362,43424,44906,45206,46055,0,NA,44786
8,453,"DEV","scram",82,0.513823971714998,82,42.0387957778282,1568,47439,49138,49438,50287,0,NA,49007
8,454,"DEV","scram",78,0.601269134177362,78,46.6370072949442,1096,51871,53087,53386,54236,0,NA,52967
8,455,"DEV","scram",74,0.527340921634361,74,39.2696699473972,1488,55719,57335,57635,58484,0,NA,57207
8,456,"DEV","scram",73,0.527340921634361,73,38.7423290257628,1488,59918,61534,61833,62683,0,NA,61406
8,457,"DEV","scram",79,0.483341019019197,79,37.9952265986479,1786,64266,66165,66465,67315,0,NA,66052
8,458,"DEV","scram",79,0.450921810615022,0,35.8378161155752,2014,68598,70730,71030,71880,0,NA,70612
8,459,"DEV","scram",81,0.544727934591354,0,44.1344256299965,1399,73213,74729,75029,75878,0,NA,74612
8,460,"DEV","scram",80,0.604694058014292,80,48.6627644945823,1074,77412,78611,78911,79760,0,NA,78486
8,461,"DEV","scram",74,0.537743786958664,0,39.9006854658926,1441,81277,82843,83143,83992,0,NA,82718
8,462,"DEV","scram",79,0.61490449644298,79,48.7052103294162,1026,85525,86675,86975,87824,0,NA,86551
8,463,"DEV","scram",72,0.576052757053493,72,41.6007155408716,1233,89057,90407,90707,91556,0,NA,90290
8,464,"DEV","scram",72,0.53004068828029,0,38.3738563774278,1476,92906,94505,94805,95655,0,NA,94382
8,465,"DEV","scram",78,0.612024964335284,0,47.9113447032377,1046,97188,98354,98654,99503,0,NA,98234
8,466,"DEV","scram",68,0.791766490039597,68,53.8283211694512,286,100787,101186,101486,102336,0,NA,101073
8,467,"DEV","scram",74,0.709073068436328,74,52.1964646341502,610,103869,104602,104902,105751,0,NA,104479
8,468,"DEV","scram",80,0.633156702440087,80,50.4784228173917,939,107134,108201,108500,109350,0,NA,108073
8,469,"DEV","scram",79,0.629753825737355,0,49.6343985603958,969,110633,111716,112016,112865,0,NA,111602
8,470,"DEV","scram",81,0.601871811261014,81,48.4799228750996,1103,114299,115515,115814,116664,0,NA,115402
8,471,"DEV","scram",80,0.598865805617643,80,47.685775196946,1120,118347,119580,119880,120729,0,NA,119467
8,472,"DEV","scram",81,0.537743786958664,81,43.6648919746032,1445,121996,123562,123862,124711,0,NA,123441
8,473,"DEV","scram",82,0.499132050276467,0,41.0268392012761,1683,126194,127994,128293,129143,0,NA,127877
8,474,"DEV","scram",72,0.776131127280848,72,55.5077776679463,348,130776,131243,131542,132392,0,NA,131124
8,475,"DEV","scram",75,0.615317165114316,75,46.2699581263264,1026,134075,135225,135524,136374,0,NA,135101
8,476,"DEV","scram",78,0.592317568282959,78,46.0804044251537,1145,137657,138923,139223,140072,0,NA,138802
8,477,"DEV","scram",74,0.564789491705787,74,41.5156679991595,1272,141706,143105,143405,144254,0,NA,142978
8,478,"DEV","scram",77,0.570572005006451,77,44.1382341980904,1258,145938,147320,147620,148469,0,NA,147196
8,479,"DEV","scram",73,0.526333779471459,0,38.6819666937918,1510,149803,151436,151735,152585,0,NA,151313
8,480,"DEV","scram",78,0.616557130416708,78,48.1927768733925,1025,154018,155168,155467,156317,0,NA,155043
8,481,"DEV","scram",73,0.573965731565783,0,42.0547987058377,1252,157950,159316,159616,160465,0,NA,159202
8,482,"DEV","scram",72,0.667187046335506,72,47.9057365141367,805,161799,162715,163015,163864,0,NA,162604
8,483,"DEV","scram",79,0.623848763539615,0,49.2666296161151,986,165547,166664,166963,167813,0,NA,166533
8,484,"DEV","scram",69,0.746586358455542,0,51.8695297643137,472,169346,169929,170229,171078,0,NA,169818
8,485,"DEV","scram",75,0.456828571456311,0,34.4067017903844,1959,172428,174511,174810,175660,0,NA,174387
8,486,"DEV","scram",80,0.529025877980245,80,42.5463879066119,1488,177293,178909,179209,180058,0,NA,178781
8,487,"DEV","scram",74,0.502703131619489,74,37.2520750051308,1653,181758,183524,183824,184673,0,NA,183411
8,488,"DEV","scram",79,0.349471638543513,0,27.7732801369874,3004,186023,189139,189439,190288,0,NA,189027
8,489,"DEV","scram",78,0.523495785504919,78,40.605596253802,1525,191671,193321,193620,194470,0,NA,193196
8,490,"DEV","scram",82,0.510447599449824,82,41.8070998004628,1595,195870,197586,197886,198735,0,NA,197465
8,491,"DEV","scram",75,0.452483443590647,75,34.1327617288601,1998,200085,202201,202501,203350,0,NA,202083
8,492,"DEV","scram",72,0.606922802583587,72,43.9514260240265,1070,204650,205833,206133,206982,0,NA,205720
8,493,"DEV","scram",77,0.450403431799018,77,34.9021740484826,2007,208282,210415,210714,211564,0,NA,210289
8,494,"DEV","scram",79,0.366853978083672,0,28.954208746479,2793,213064,215980,216279,217129,0,NA,215857
8,495,"DEV","scram",83,0.501300900702972,0,41.6781352031951,1655,218362,220145,220444,221294,0,NA,220017
8,496,"DEV","scram",78,0.594094587616286,78,46.19128015006,1134,222694,223943,224243,225093,0,NA,223828
8,497,"DEV","scram",75,0.498515144210721,75,37.4945308191149,1677,226726,228525,228825,229674,0,NA,228403
8,498,"DEV","scram",74,0.484662025330386,0,35.6589153952897,1761,231174,233057,233357,234206,0,NA,232935
8,499,"DEV","scram",78,0.588197051016628,0,45.8225909979983,1158,235906,237189,237488,238338,0,NA,237064
8,500,"DEV","scram",76,0.487916617015327,0,37.32041867542,1739,240038,241904,242203,243053,0,NA,241777
8,501,"DEV","scram",71,0.752875520787293,71,53.6626610590848,434,244503,245053,245352,246202,0,NA,244937
8,502,"DEV","scram",77,0.682024234772107,77,52.781092574684,732,247585,248435,248734,249584,0,NA,248317
8,503,"DEV","scram",74,0.590547198600664,74,43.607569022251,1146,250934,252200,252500,253349,0,NA,252080
8,504,"DEV","scram",79,0.61697110510269,79,48.8353888734977,1029,254599,255749,256049,256898,0,NA,255628
