run,trial,rewFunc,emotion,magnitude,probability,score,ev,rt,clock_onset,isi_onset,feedback_onset,iti_onset,iti_ideal,image,p_chosen
1,1,DEV,scram,73,0.79888,73,58.1067,368,8.1156,8.4989,8.5494,9.4489,5.1,scram_2.png,0.0385433046394844
1,2,DEV,scram,68,0.81672,68,55.6086,301,14.582,14.8986,14.9487,15.8486,1.1,scram_7.png,0.0537833768821657
1,3,DEV,scram,70,0.67926,70,47.8651,851,16.9486,17.8152,17.8652,18.7651,2.1,scram_20.png,1.88336190050188e-05
1,4,DEV,scram,67,0.73488,67,49.1186,618,20.8817,21.515,21.5651,22.4649,5.1,scram_12.png,0.00369667710490148
1,5,DEV,scram,67,0.7146,67,48.1995,701,27.5814,28.298,28.3481,29.248,0.1,scram_19.png,0.00169484569860415
1,6,DEV,scram,76,0.70668,76,53.4832,734,29.3647,30.1146,30.1646,31.0646,0.1,scram_4.png,0.00246883964146688
1,7,DEV,scram,70,0.74333,70,51.7192,584,31.1646,31.7645,31.8146,32.7145,1.1,scram_15.png,0.01177661764697
1,8,DEV,scram,67,0.71872,0,48.3892,684,33.8145,34.5144,34.5645,35.4644,0.1,scram_24.png,0.00139857336510578
1,9,DEV,scram,76,0.54987,76,41.7293,1484,35.5644,37.0643,37.1144,38.0143,3.1,scram_5.png,3.63080916491859e-07
1,10,DEV,scram,80,0.54685,0,43.7296,1501,41.1142,42.6307,42.6808,43.5807,3.1,scram_9.png,1.31877600793052e-10
1,11,DEV,scram,69,0.8079,69,56.0778,334,46.6806,47.0305,47.0805,47.9805,0.1,scram_18.png,0.0449961538966414
1,12,DEV,scram,73,0.7391,73,53.739,601,48.0805,48.6971,48.7472,49.6471,1.1,scram_3.png,0.00416178723591649
1,13,DEV,scram,75,0.74333,75,55.4358,584,50.7471,51.347,51.397,52.297,1.1,scram_21.png,0.00641312098289148
1,14,DEV,scram,72,0.78158,72,56.5354,434,53.397,53.8469,53.897,54.7969,1.1,scram_17.png,0.0247209282097819
1,15,DEV,scram,68,0.75997,68,51.7158,518,55.8969,56.4301,56.4801,57.3801,4.1,scram_1.png,0.012535533138497
1,16,DEV,scram,70,0.80338,70,55.8951,351,61.4799,61.8465,61.8966,62.7965,10.1,scram_16.png,0.0361980157216031
1,17,DEV,scram,69,0.75161,0,52.0996,551,72.8961,73.4627,73.5127,74.4127,1.1,scram_14.png,0.00948418838094937
1,18,DEV,scram,67,0.78158,67,52.6275,434,75.5127,75.9626,76.0126,76.9125,2.1,scram_6.png,0.0247102541927216
1,19,DEV,scram,67,0.82129,67,54.9578,284,79.0625,79.3624,79.4125,80.3124,5.1,scram_22.png,0.0434518531878379
1,20,DEV,scram,72,0.78575,72,56.7253,418,85.4122,85.8455,85.8955,86.7954,0.1,scram_23.png,0.0263944230371476
1,21,DEV,scram,76,0.75161,0,57.3609,551,86.8955,87.4621,87.5121,88.412,0.1,scram_13.png,0.0101624839348202
1,22,DEV,scram,73,0.54685,0,39.9017,1501,88.5121,90.0286,90.0787,90.9786,0.1,scram_25.png,8.33158043256375e-09
1,23,DEV,scram,79,0.40008,79,31.573,2567,91.0786,93.6618,93.7118,94.6118,0.1,scram_11.png,1.76648320035878e-15
1,24,DEV,scram,70,0.73488,0,51.3232,618,94.7118,95.3451,95.3951,96.295,4.1,scram_10.png,0.00343605645902306
1,25,DEV,scram,66,0.81217,0,53.811,318,100.3949,100.7282,100.7782,101.6781,2.1,scram_8.png,0.0430952390240157
1,26,DEV,scram,68,0.79466,0,53.9447,384,103.7781,104.178,104.2281,105.128,8.1,scram_21.png,0.0335717513231349
1,27,DEV,scram,81,0.33595,81,27.1785,3284,113.2444,116.5441,116.5942,117.4941,4.1,scram_16.png,0.00650612024976441
1,28,DEV,scram,83,0.34131,0,28.2366,3217,121.6106,124.8438,124.8938,125.7937,0.1,scram_14.png,1.19546267177202e-12
1,29,DEV,scram,74,0.75161,74,55.8577,551,125.9105,126.477,126.5271,127.427,3.1,scram_19.png,0.00939284669382567
1,30,DEV,scram,70,0.77717,70,54.7777,451,130.5436,131.0102,131.0602,131.9602,2.1,scram_23.png,0.0210900979167261
1,31,DEV,scram,69,0.77277,0,53.0359,468,134.0767,134.56,134.61,135.51,0.1,scram_4.png,0.0180295868228899
1,32,DEV,scram,80,0.52953,0,42.5803,1601,135.6267,137.2432,137.2933,138.1932,1.1,scram_3.png,2.49600592493419e-08
1,33,DEV,scram,72,0.76866,72,55.164,484,139.3098,139.8098,139.8598,140.7597,1.1,scram_1.png,0.0159591114500926
1,34,DEV,scram,66,0.79888,66,52.5146,368,141.8764,142.2597,142.3097,143.2096,7.1,scram_13.png,0.0347888022370615
1,35,DEV,scram,73,0.78158,73,57.317,434,150.326,150.776,150.826,151.7259,0.1,scram_7.png,0.024355570469539
1,36,DEV,scram,67,0.76866,0,51.3207,484,151.8426,152.3426,152.3926,153.2925,0.1,scram_8.png,0.0164673430261855
1,37,DEV,scram,70,0.78158,70,54.9723,434,153.4092,153.8592,153.9092,154.8091,2.1,scram_18.png,0.0244038150062379
1,38,DEV,scram,69,0.75591,69,52.294,534,156.9257,157.4757,157.5257,158.4256,0.1,scram_10.png,0.011872011023652
1,39,DEV,scram,74,0.77277,74,56.8998,468,158.5257,159.0089,159.059,159.9589,0.1,scram_15.png,0.0184506357682656
1,40,DEV,scram,70,0.79019,70,55.3449,401,160.0756,160.4922,160.5423,161.4422,1.1,scram_5.png,0.0292100349111251
1,41,DEV,scram,72,0.75997,72,54.7556,518,162.5588,163.0921,163.1421,164.0421,8.1,scram_11.png,0.0135047780004764
1,42,DEV,scram,73,0.77277,73,56.127,468,172.1584,172.6417,172.6917,173.5916,11.1,scram_17.png,0.0188403669618524
1,43,DEV,scram,73,0.76866,73,55.9327,484,184.7078,185.2078,185.2578,186.1577,0.1,scram_9.png,0.0177631110838211
1,44,DEV,scram,66,0.79361,66,52.3153,388,186.2744,186.6744,186.7244,187.6243,0.1,scram_25.png,0.0298214548132317
1,45,DEV,scram,74,0.78158,74,58.0986,434,187.741,188.191,188.241,189.141,4.1,scram_12.png,0.0243486959038292
1,46,DEV,scram,73,0.78914,73,57.6675,405,193.2575,193.6741,193.7241,194.624,0.1,scram_20.png,0.0270056776405101
1,47,DEV,scram,75,0.78158,75,58.8801,434,194.7407,195.1907,195.2407,196.1407,0.1,scram_22.png,0.0242351478887168
1,48,DEV,scram,69,0.78575,69,54.368,418,196.2574,196.6906,196.7407,197.6406,3.1,scram_6.png,0.0254854745916368
1,49,DEV,scram,75,0.79019,75,59.2958,401,200.7571,201.1737,201.2238,202.1237,6.1,scram_2.png,0.0278420466918007
1,50,DEV,scram,73,0.78496,73,57.4748,421,208.2401,208.6734,208.7234,209.6234,12.1,scram_24.png,0.0253061052154549
2,51,IEV,happy,23,0.88981,23,20.5061,584,8.0722,8.6722,8.7222,9.6221,0.1,happy_8.png,0.0209125597555395
2,52,IEV,happy,29,0.83302,29,23.7593,1418,9.7389,11.1721,11.2221,12.122,0.1,happy_20.png,0.00148564820410317
2,53,IEV,happy,32,0.83474,32,26.9071,1401,12.2387,13.6553,13.7053,14.6052,0.1,happy_23.png,0.0119923955401813
2,54,IEV,happy,38,0.80309,38,30.8812,1684,14.7219,16.4218,16.4719,17.3718,2.1,happy_21.png,0.0150414339227597
2,55,IEV,happy,36,0.78144,36,28.1225,1851,19.4884,21.3549,21.405,22.3049,4.1,happy_13.png,0.0143591788657963
2,56,IEV,happy,31,0.79683,31,25.0797,1734,26.4881,28.238,28.2881,29.1879,1.1,happy_16.png,0.0153244657164543
2,57,IEV,happy,56,0.68426,0,38.0235,2468,30.3046,32.7878,32.8378,33.7377,0.1,happy_1.png,6.39863671984666e-07
2,58,IEV,happy,31,0.79886,31,24.8796,1718,33.8544,35.5876,35.6377,36.5376,6.1,happy_11.png,0.0089618627094524
2,59,IEV,happy,34,0.81304,0,27.5012,1601,42.654,44.2707,44.3206,45.2206,2.1,happy_17.png,0.0100315354287813
2,60,IEV,happy,18,0.89398,18,16.1616,451,47.3372,47.8038,47.8539,48.7538,2.1,happy_18.png,0.000380903148392595
2,61,IEV,happy,28,0.82067,28,22.6267,1534,50.8703,52.4202,52.4702,53.3702,4.1,happy_15.png,0.0125002289870608
2,62,IEV,happy,29,0.81105,29,23.6435,1618,57.4867,59.12,59.17,60.0699,0.1,happy_24.png,0.012171583819388
2,63,IEV,happy,31,0.80505,31,25.0634,1668,60.1866,61.8698,61.9199,62.8198,0.1,happy_22.png,0.0115887198617764
2,64,IEV,happy,31,0.79466,31,24.4983,1751,62.9365,64.703,64.7531,65.653,1.1,happy_6.png,0.0104981056431405
2,65,IEV,happy,49,0.73734,0,36.3475,2151,66.7696,68.9362,68.9862,69.8861,1.1,happy_4.png,0.000564120617807876
2,66,IEV,happy,31,0.82613,31,25.3365,1484,71.0028,72.5027,72.5527,73.4526,0.1,happy_14.png,0.0114010709876799
2,67,IEV,happy,35,0.82429,35,28.8276,1501,73.5694,75.0859,75.136,76.0359,1.1,happy_7.png,0.0112612689102007
2,68,IEV,happy,29,0.81304,29,23.436,1601,77.1525,78.7691,78.8191,79.719,9.1,happy_5.png,0.0100048576400325
2,69,IEV,happy,31,0.82067,31,25.0887,1534,88.8353,90.3852,90.4353,91.3352,4.1,happy_9.png,0.010824823669539
2,70,IEV,happy,32,0.81501,32,25.6744,1584,95.4517,97.0516,97.1016,98.0016,3.1,happy_2.png,0.0103929492808137
2,71,IEV,happy,29,0.81501,29,23.2294,1584,101.1181,102.718,102.768,103.668,8.1,happy_3.png,0.0103376086280905
2,72,IEV,happy,37,0.81877,0,30.1997,1551,111.7844,113.3509,113.4009,114.3009,0.1,happy_25.png,0.0097250790790817
2,73,IEV,happy,25,0.83643,25,20.8688,1384,114.4175,115.8174,115.8675,116.7674,0.1,happy_10.png,0.0105758961816152
2,74,IEV,happy,31,0.82067,31,25.0887,1534,116.8841,118.434,118.4841,119.384,1.1,happy_12.png,0.00966543214190359
2,75,IEV,happy,25,0.82783,25,21.0156,1468,120.5006,121.9838,122.0339,122.9338,1.1,happy_19.png,0.0100157781203611
2,76,IEV,happy,28,0.82613,28,22.8581,1484,124.0671,125.567,125.617,126.517,8.1,happy_25.png,0.00979779377504247
2,77,IEV,happy,34,0.81684,34,27.9367,1568,134.6334,136.2166,136.2666,137.1665,1.1,happy_17.png,0.00926723011237271
2,78,IEV,happy,32,0.82067,32,25.9094,1534,138.2832,139.8331,139.8831,140.783,0.1,happy_5.png,0.0094241136534243
2,79,IEV,happy,31,0.81105,31,25.2656,1618,140.8997,142.5329,142.583,143.4829,0.1,happy_18.png,0.00888486124951756
2,80,IEV,happy,27,0.82962,27,22.4738,1451,143.5996,145.0662,145.1162,146.0161,1.1,happy_8.png,0.00983665751108299
2,81,IEV,happy,31,0.80505,31,25.0634,1668,147.1328,148.816,148.866,149.766,1.1,happy_22.png,0.00813425829288678
2,82,IEV,happy,33,0.81684,33,27.1199,1568,150.8826,152.4659,152.5159,153.4158,3.1,happy_21.png,0.00915120411492313
2,83,IEV,happy,29,0.81304,29,23.436,1601,156.5324,158.1489,158.199,159.0989,0.1,happy_7.png,0.00896581794585683
2,84,IEV,happy,35,0.82067,0,28.3714,1534,159.2156,160.7655,160.8155,161.7154,1.1,happy_9.png,0.00877786514361336
2,85,IEV,happy,33,0.80711,33,26.4699,1651,162.8321,164.4986,164.5487,165.4486,8.1,happy_6.png,0.00821156084842094
2,86,IEV,happy,31,0.80915,31,25.4578,1634,173.565,175.2148,175.2649,176.1648,5.1,happy_20.png,0.00844401432056503
2,87,IEV,happy,31,0.82429,31,25.5304,1501,181.2813,182.7978,182.8478,183.7478,7.1,happy_19.png,0.00876863030317487
2,88,IEV,happy,35,0.81877,35,28.5621,1551,190.8642,192.4307,192.4808,193.3807,6.1,happy_14.png,0.00865185670898002
2,89,IEV,happy,31,0.81684,31,25.4862,1568,199.4971,201.0804,201.1304,202.0303,2.1,happy_15.png,0.00860046156419934
2,90,IEV,happy,39,0.77454,0,30.2981,1901,204.1469,206.0635,206.1135,207.0134,0.1,happy_2.png,0.00428935113733846
2,91,IEV,happy,33,0.83643,33,27.5603,1384,207.1301,208.53,208.5801,209.48,6.1,happy_24.png,0.00884747244720841
2,92,IEV,happy,32,0.82244,0,26.5477,1518,215.5964,217.1297,217.1797,218.0796,0.1,happy_16.png,0.0077668885379476
2,93,IEV,happy,32,0.82244,32,26.5477,1518,218.1963,219.7295,219.7796,220.6795,0.1,happy_10.png,0.0077429040682993
2,94,IEV,happy,31,0.80915,31,25.4578,1634,220.7962,222.4461,222.4961,223.3961,3.1,happy_12.png,0.00718873768791928
2,95,IEV,happy,28,0.82244,28,23.2579,1518,226.5126,228.0458,228.0959,228.9958,0.1,happy_11.png,0.00769576756943947
2,96,IEV,happy,27,0.83302,0,22.0932,1418,229.1125,230.5458,230.5958,231.4957,2.1,happy_23.png,0.00817657218644957
2,97,IEV,happy,27,0.82962,27,22.4738,1451,233.6124,235.0789,235.1289,236.0288,5.1,happy_4.png,0.00798100575677528
2,98,IEV,happy,30,0.82613,30,24.5104,1484,241.1453,242.6452,242.6952,243.5952,0.1,happy_3.png,0.00774125176691275
2,99,IEV,happy,33,0.83474,33,27.7419,1401,243.7119,245.1284,245.1785,246.0784,4.1,happy_1.png,0.00804802681426292
2,100,IEV,happy,27,0.82962,27,22.4738,1451,250.1949,251.6615,251.7115,252.6114,12.1,happy_13.png,0.00782163546337232
3,101,CEVR,scram,171,0.22266,0,38.1133,484,8.0103,8.5103,8.5604,9.4603,0.1,scram_18.png,0.00265957446808511
3,102,CEVR,scram,129,0.27754,0,35.8898,1634,9.5769,11.2268,11.2773,12.1768,7.1,scram_5.png,0.00265957446808511
3,103,CEVR,scram,111,0.32927,111,36.6707,2367,19.2932,21.6764,21.7264,22.6263,4.1,scram_1.png,0.00123959904320883
3,104,CEVR,scram,107,0.34088,0,36.3182,2501,26.7429,29.2594,29.3095,30.2093,0.1,scram_2.png,0.0303298987387848
3,105,CEVR,scram,109,0.347,0,37.694,2568,30.326,32.9092,32.9593,33.8592,0.1,scram_11.png,0.0202411504915134
3,106,CEVR,scram,101,0.35325,101,35.587,2634,33.9759,36.6257,36.6758,37.5757,2.1,scram_4.png,0.0256390737948514
3,107,CEVR,scram,101,0.35813,101,36.2837,2684,39.6923,42.3921,42.4422,43.3421,0.1,scram_9.png,0.0173543398156765
3,108,CEVR,scram,104,0.35655,0,37,2668,43.4588,46.142,46.192,47.0919,2.1,scram_25.png,0.0211519628632339
3,109,CEVR,scram,102,0.35489,102,36.2902,2651,49.2085,51.8751,51.9251,52.825,0.1,scram_22.png,0.0150819518003611
3,110,CEVR,scram,98,0.35813,0,35.2093,2684,52.9417,55.6415,55.6916,56.5915,0.1,scram_19.png,0.019073841682904
3,111,CEVR,scram,102,0.36832,0,37.7366,2784,56.7082,59.5081,59.5581,60.458,0.1,scram_23.png,0.0146362158172849
3,112,CEVR,scram,106,0.35171,0,37.3517,2618,60.5747,63.2079,63.2579,64.1578,1.1,scram_20.png,0.0188332742800153
3,113,CEVR,scram,101,0.36489,101,37,2751,65.2745,68.041,68.0911,68.991,4.1,scram_12.png,0.0161657365357685
3,114,CEVR,scram,105,0.35171,0,37,2618,73.1075,75.7407,75.7907,76.6906,1.1,scram_10.png,0.0154738475058152
3,115,CEVR,scram,112,0.32246,0,36.0326,2284,77.8073,80.1071,80.1572,81.0571,11.1,scram_13.png,0.0013860464671159
3,116,CEVR,scram,103,0.36143,0,37.3614,2717,92.1734,94.9065,94.9565,95.8565,0.1,scram_7.png,0.0143846245467872
3,117,CEVR,scram,132,0.27754,0,36.7225,1634,95.9731,97.6231,97.6731,98.573,4.1,scram_8.png,6.44837580590709e-09
3,118,CEVR,scram,83,0.4768,83,39.384,3584,102.6895,106.2894,106.3394,107.2393,3.1,scram_14.png,0.00451776971509579
3,119,CEVR,scram,87,0.4441,87,38.7764,3384,110.3558,113.7557,113.8057,114.7056,3.1,scram_3.png,6.44781324420314e-05
3,120,CEVR,scram,84,0.45455,0,38.3636,3451,117.8222,121.2887,121.3387,122.2386,5.1,scram_21.png,0.00315255151112494
3,121,CEVR,scram,106,0.34241,106,36.3152,2518,127.3551,129.8883,129.9383,130.8382,10.1,scram_17.png,2.45672286418974e-05
3,122,CEVR,scram,106,0.35655,106,37.7131,2668,140.9545,143.6377,143.6877,144.5876,1.1,scram_24.png,0.000243254453121593
3,123,CEVR,scram,101,0.37547,101,37.7509,2851,145.7043,148.5708,148.6208,149.5208,0.1,scram_16.png,0.000692429761172625
3,124,CEVR,scram,107,0.35325,107,37.7065,2634,149.6375,152.2873,152.3373,153.2373,1.1,scram_15.png,0.000350131989800612
3,125,CEVR,scram,108,0.35325,0,38.0597,2634,154.3539,157.0038,157.0538,157.9537,0.1,scram_6.png,0.000235214282753058
3,126,CEVR,scram,108,0.35489,0,38.4196,2651,158.0705,160.7369,160.787,161.6869,2.1,scram_12.png,0.000201747186015085
3,127,CEVR,scram,104,0.34849,0,36.303,2584,163.8035,166.4033,166.4534,167.3533,1.1,scram_25.png,7.0536113382293e-05
3,128,CEVR,scram,98,0.36489,0,35.9053,2751,168.47,171.2365,171.2865,172.1864,0.1,scram_20.png,0.000249410519420878
3,129,CEVR,scram,106,0.35645,106,37.7129,2667,172.3031,174.9863,175.0363,175.9363,1.1,scram_19.png,0.000282697006773742
3,130,CEVR,scram,104,0.35655,0,37,2668,177.0529,179.7361,179.7861,180.6861,1.1,scram_14.png,0.000243659711527723
3,131,CEVR,scram,105,0.35655,0,37.3566,2668,181.8027,184.4859,184.5359,185.4359,2.1,scram_1.png,0.00021427447034909
3,132,CEVR,scram,107,0.35982,0,38.4393,2701,187.5525,190.269,190.319,191.2189,9.1,scram_18.png,0.000240619772532483
3,133,CEVR,scram,106,0.35325,0,37.3532,2634,200.3352,202.9851,203.0351,203.935,3.1,scram_15.png,0.000139641085044279
3,134,CEVR,scram,79,0.45185,79,35.6445,3434,207.0682,210.5181,210.5681,211.468,1.1,scram_11.png,0.00197065127888179
3,135,CEVR,scram,78,0.44671,0,34.7665,3401,212.5847,216.0012,216.0512,216.9511,6.1,scram_7.png,0.00489456103021204
3,136,CEVR,scram,100,0.35982,0,35.9205,2701,223.0676,225.7841,225.8341,226.7341,0.1,scram_17.png,0.000208113067425509
3,137,CEVR,scram,106,0.35489,0,37.7098,2651,226.8508,229.5172,229.5673,230.4672,3.1,scram_2.png,0.000132690776033897
3,138,CEVR,scram,85,0.43661,0,37,3334,233.5838,236.9336,236.9836,237.8835,6.1,scram_3.png,0.00548989567828703
3,139,CEVR,scram,110,0.34241,110,37.6848,2518,244.0666,246.5998,246.6499,247.5498,0.1,scram_9.png,0.00129493789665413
3,140,CEVR,scram,102,0.34849,102,35.606,2584,247.6665,250.2663,250.3164,251.2163,6.1,scram_5.png,0.00291217850318828
3,141,CEVR,scram,103,0.347,0,35.612,2568,257.3327,259.9159,259.966,260.8659,0.1,scram_8.png,0.00210140453084807
3,142,CEVR,scram,109,0.35009,0,38.0503,2601,260.9826,263.5991,263.6491,264.549,2.1,scram_13.png,0.00183876130077103
3,143,CEVR,scram,100,0.35489,0,35.5804,2651,266.6656,269.3322,269.3822,270.2821,7.1,scram_22.png,0.0018114397647828
3,144,CEVR,scram,103,0.35813,0,37,2684,277.3985,280.0984,280.1484,281.0483,2.1,scram_16.png,0.0017150508552947
3,145,CEVR,scram,116,0.32118,0,37.3212,2268,283.1649,285.4481,285.4981,286.3981,0.1,scram_10.png,0.000165123600589323
3,146,CEVR,scram,107,0.347,0,37,2568,286.5315,289.1146,289.1646,290.0646,0.1,scram_23.png,0.000554761014169844
3,147,CEVR,scram,108,0.35325,0,38.0597,2634,290.1979,292.8478,292.8978,293.7978,0.1,scram_4.png,0.000613515978071955
3,148,CEVR,scram,79,0.4441,79,35.2236,3384,293.9145,297.3143,297.3643,298.2642,2.1,scram_21.png,0.00280970521729671
3,149,CEVR,scram,83,0.44168,83,36.5583,3368,300.3808,303.764,303.814,304.7139,0.1,scram_24.png,0.00128371333146675
3,150,CEVR,scram,85,0.44918,0,38.3476,3417,304.8306,308.2638,308.3138,309.2137,12.1,scram_6.png,0.00370049680759807
4,151,DEV,happy,70,0.75591,70,53.0499,534,8.013,8.563,8.613,9.5129,0.1,happy_18.png,0.0267142236206185
4,152,DEV,happy,70,0.77277,70,53.8087,468,9.6297,10.1129,10.163,11.0629,2.1,happy_7.png,0.0257454512145037
4,153,DEV,happy,71,0.78158,71,55.7538,434,13.1795,13.6294,13.6794,14.5794,2.1,happy_10.png,0.0249289071390743
4,154,DEV,happy,70,0.75997,70,53.2357,518,16.696,17.2293,17.2793,18.1792,1.1,happy_3.png,0.0203155298319088
4,155,DEV,happy,76,0.75591,76,57.5853,534,19.2959,19.8458,19.8958,20.7958,8.1,happy_5.png,0.0190226814789639
4,156,DEV,happy,67,0.77277,67,51.4903,468,28.9121,29.3954,29.4454,30.3454,0.1,happy_25.png,0.0189897480737107
4,157,DEV,happy,68,0.76866,68,52.0894,484,30.4621,30.962,31.012,31.9119,0.1,happy_21.png,0.0180247048543253
4,158,DEV,happy,68,0.79466,68,53.9447,384,32.062,32.4619,32.5119,33.4119,3.1,happy_6.png,0.0191458189255291
4,159,DEV,happy,76,0.7391,0,55.9562,601,36.5284,37.145,37.1951,38.095,0.1,happy_24.png,0.0156477383058343
4,160,DEV,happy,72,0.79019,72,56.9253,401,38.2117,38.6284,38.6784,39.5783,3.1,happy_12.png,0.0230066781429096
4,161,DEV,happy,70,0.75161,70,52.8512,551,42.6948,43.2614,43.3115,44.2114,8.1,happy_15.png,0.0171091051396884
4,162,DEV,happy,75,0.76866,75,57.47,484,52.3277,52.8277,52.8777,53.7776,0.1,happy_16.png,0.0181607509409174
4,163,DEV,happy,75,0.79466,75,59.5073,384,53.8943,54.2943,54.3443,55.2443,0.1,happy_23.png,0.0213966323115076
4,164,DEV,happy,72,0.79466,72,57.1233,384,55.3609,55.7609,55.8109,56.7109,4.1,happy_22.png,0.0210929429199635
4,165,DEV,happy,69,0.8079,69,56.0778,334,60.8274,61.1773,61.2274,62.1273,0.1,happy_17.png,0.0203740239361708
4,166,DEV,happy,72,0.79019,72,56.9253,401,62.244,62.6606,62.7106,63.6105,0.1,happy_8.png,0.0201301249525475
4,167,DEV,happy,66,0.79466,66,52.3554,384,63.7273,64.1272,64.1772,65.0772,0.1,happy_9.png,0.0200001017495175
4,168,DEV,happy,67,0.79888,0,53.3135,368,65.2105,65.5938,65.6438,66.5437,0.1,happy_11.png,0.0181911682937049
4,169,DEV,happy,71,0.79466,71,56.3287,384,66.6771,67.0771,67.1271,68.027,1.1,happy_19.png,0.0180742877585328
4,170,DEV,happy,72,0.79888,0,57.3079,368,69.1603,69.5436,69.5937,70.4936,2.1,happy_1.png,0.0166071698954468
4,171,DEV,happy,68,0.81217,68,55.4353,318,72.6268,72.9601,73.0102,73.9101,6.1,happy_20.png,0.0157035530115807
4,172,DEV,happy,75,0.79888,75,59.7045,368,80.0598,80.4431,80.4932,81.3931,2.1,happy_2.png,0.0166083900165081
4,173,DEV,happy,74,0.79466,74,58.7126,384,83.5264,83.9263,83.9763,84.8763,5.1,happy_13.png,0.0165788483826986
4,174,DEV,happy,70,0.76431,70,53.4319,501,90.0094,90.526,90.576,91.476,8.1,happy_4.png,0.0144153419447953
4,175,DEV,happy,72,0.69085,72,49.8372,801,99.609,100.4256,100.4756,101.3755,2.1,happy_14.png,0.0102297440006276
4,176,DEV,happy,66,0.77717,66,51.669,451,103.5088,103.9754,104.0255,104.9254,5.1,happy_18.png,0.014012702288305
4,177,DEV,happy,68,0.76866,68,52.0894,484,110.0585,110.5585,110.6085,111.5084,5.1,happy_13.png,0.0133126543504802
4,178,DEV,happy,72,0.76431,72,54.9605,501,116.6416,117.1582,117.2082,118.1081,0.1,happy_25.png,0.0129051187168585
4,179,DEV,happy,72,0.66786,72,47.9419,901,118.2248,119.1414,119.1915,120.0914,1.1,happy_23.png,0.00812832282753125
4,180,DEV,happy,68,0.79888,68,54.1123,368,121.2247,121.608,121.658,122.558,0.1,happy_6.png,0.0127637985464219
4,181,DEV,happy,75,0.78158,0,58.8801,434,122.6913,123.1413,123.1913,124.0912,6.1,happy_7.png,0.0125854233009706
4,182,DEV,happy,69,0.75591,69,52.294,534,130.2244,130.7743,130.8243,131.7242,3.1,happy_14.png,0.0119761027951902
4,183,DEV,happy,67,0.77277,67,51.4903,468,134.8574,135.3407,135.3907,136.2907,3.1,happy_4.png,0.0116767727740435
4,184,DEV,happy,74,0.79466,0,58.7126,384,139.4239,139.8238,139.8739,140.7738,6.1,happy_9.png,0.0113368215921116
4,185,DEV,happy,68,0.80338,0,54.2883,351,146.9069,147.2735,147.3236,148.2235,1.1,happy_12.png,0.00968769191223057
4,186,DEV,happy,65,0.78158,65,51.0644,434,149.3568,149.8067,149.8568,150.7567,1.1,happy_5.png,0.0102476801116593
4,187,DEV,happy,69,0.77277,69,53.0359,468,151.89,152.3733,152.4233,153.3233,1.1,happy_2.png,0.00992584119708429
4,188,DEV,happy,67,0.79466,67,53.15,384,154.4566,154.8565,154.9065,155.8065,1.1,happy_3.png,0.0100046944822748
4,189,DEV,happy,66,0.79888,66,52.5146,368,156.9398,157.3231,157.3731,158.273,0.1,happy_15.png,0.00993254733186383
4,190,DEV,happy,70,0.79466,70,55.534,384,158.4064,158.8063,158.8564,159.7563,1.1,happy_16.png,0.0101139524051588
4,191,DEV,happy,72,0.78158,72,56.5354,434,160.8896,161.3396,161.3896,162.2895,0.1,happy_21.png,0.0101179312776529
4,192,DEV,happy,65,0.80338,65,51.8782,351,162.4396,162.8062,162.8562,163.7561,2.1,happy_8.png,0.00969229696354296
4,193,DEV,happy,68,0.79888,68,54.1123,368,165.8894,166.2727,166.3227,167.2227,8.1,happy_22.png,0.0100283519948562
4,194,DEV,happy,72,0.79888,72,57.3079,368,175.3557,175.7389,175.789,176.6889,1.1,happy_24.png,0.0101059444823264
4,195,DEV,happy,73,0.78575,73,57.511,418,177.8222,178.2555,178.3055,179.2055,0.1,happy_1.png,0.0102226180042865
4,196,DEV,happy,75,0.78575,75,59.0825,418,179.3388,179.7721,179.8221,180.7221,4.1,happy_11.png,0.010166724549064
4,197,DEV,happy,67,0.8079,67,54.462,334,184.8553,185.2052,185.2552,186.1552,2.1,happy_20.png,0.0095084575326357
4,198,DEV,happy,71,0.79888,71,56.509,368,188.2884,188.6717,188.7217,189.6217,3.1,happy_19.png,0.0101212032525632
4,199,DEV,happy,69,0.80338,69,55.0917,351,192.7549,193.1215,193.1715,194.0715,0.1,happy_10.png,0.0099080717587868
4,200,DEV,happy,68,0.79019,68,53.7645,401,194.2048,194.6214,194.6715,195.5714,12.1,happy_17.png,0.0103124127833361
5,201,IEV,scram,17,0.88919,17,15.28,601,8.0506,8.6672,8.7173,9.6172,1.1,scram_23.png,0.0187584475438664
5,202,IEV,scram,32,0.81684,32,26.3031,1568,10.7505,12.3337,12.3837,13.2837,0.1,scram_16.png,0.0155648253460482
5,203,IEV,scram,36,0.81877,36,29.3809,1551,13.417,14.9836,15.0336,15.9336,1.1,scram_17.png,0.0168570889055689
5,204,IEV,scram,59,0.68142,59,40.262,2484,17.0669,19.5667,19.6167,20.5167,1.1,scram_2.png,0.0210754359173772
5,205,IEV,scram,62,0.67247,62,41.5127,2534,21.65,24.1999,24.2499,25.1498,1.1,scram_1.png,0.0222631791302671
5,206,IEV,scram,99,0.49466,99,49.2037,3434,26.2831,29.7329,29.783,30.6829,2.1,scram_8.png,0.0247137284337073
5,207,IEV,scram,78,0.57671,78,45.1861,3034,32.8162,35.866,35.916,36.816,0.1,scram_20.png,0.00019791982079849
5,208,IEV,scram,117,0.42493,0,49.5189,3768,36.9493,40.7325,40.7825,41.6824,4.1,scram_5.png,7.48176755227216e-09
5,209,IEV,scram,81,0.54283,81,44.2193,3201,45.8156,49.0321,49.0821,49.9821,0.1,scram_19.png,0.00719850598802611
5,210,IEV,scram,87,0.54283,0,47.4763,3201,50.1155,53.3319,53.382,54.2819,7.1,scram_24.png,0.0036943723271441
5,211,IEV,scram,56,0.69303,56,38.8006,2418,61.4149,63.8481,63.8982,64.7981,1.1,scram_6.png,0.00304470211433568
5,212,IEV,scram,61,0.62586,0,38.0319,2784,65.9314,68.7312,68.7813,69.6812,11.1,scram_7.png,0.015531133914766
5,213,IEV,scram,85,0.53606,0,45.6593,3234,80.8141,84.0639,84.1139,85.0139,3.1,scram_22.png,0.00190102321922603
5,214,IEV,scram,32,0.78814,0,25.1357,1801,88.1471,89.9636,90.0136,90.9136,6.1,scram_12.png,4.29630705740773e-07
5,215,IEV,scram,57,0.66631,57,37.8997,2568,97.0467,99.6299,99.6799,100.7632,0.1,scram_4.png,0.00793928789912167
5,216,IEV,scram,60,0.6694,60,40.3666,2551,100.8299,103.3964,103.4464,104.3463,0.1,scram_3.png,0.00951273528990035
5,217,IEV,scram,63,0.65418,63,41.3305,2634,104.4797,107.1296,107.1796,108.0795,0.1,scram_25.png,0.0148948521625552
5,218,IEV,scram,56,0.65102,56,36.3182,2651,108.2129,110.8794,110.9294,111.8293,0.1,scram_11.png,0.0159153962615258
5,219,IEV,scram,69,0.61931,69,42.7998,2818,111.9627,114.7959,114.8459,115.7458,4.1,scram_14.png,0.0163879378411246
5,220,IEV,scram,63,0.62259,63,39.4937,2801,119.879,122.6955,122.7455,123.6455,0.1,scram_15.png,0.0165538459275729
5,221,IEV,scram,61,0.65714,61,39.8313,2618,123.7788,126.412,126.4621,127.362,0.1,scram_9.png,0.0154340711177653
5,222,IEV,scram,67,0.62893,67,42.23,2768,127.4954,130.2785,130.3286,131.2285,5.1,scram_21.png,0.0162147584653468
5,223,IEV,scram,65,0.64804,65,42.3583,2667,136.3617,139.0448,139.0948,139.9948,6.1,scram_18.png,0.0165735405368873
5,224,IEV,scram,63,0.65714,63,41.1456,2618,146.1279,148.761,148.8111,149.711,4.1,scram_10.png,0.0160033619114627
5,225,IEV,scram,61,0.63863,61,39.0885,2717,153.8442,156.5774,156.6274,157.5273,0.1,scram_13.png,0.0159084705956093
5,226,IEV,scram,65,0.63541,65,41.2039,2734,157.6607,160.4105,160.4606,161.3605,0.1,scram_14.png,0.0156678496106955
5,227,IEV,scram,66,0.62586,0,41.1612,2784,161.4939,164.2937,164.3437,165.2437,3.1,scram_9.png,0.0144125280794552
5,228,IEV,scram,64,0.64165,64,40.8161,2701,168.3769,171.0934,171.1434,172.0434,2.1,scram_8.png,0.0150492706349672
5,229,IEV,scram,61,0.66027,61,40.2884,2601,174.1766,176.7931,176.8432,177.7432,5.1,scram_10.png,0.0147658250814929
5,230,IEV,scram,64,0.65714,64,41.8027,2618,182.8763,185.5099,185.5594,186.4594,3.1,scram_2.png,0.0153069471349883
5,231,IEV,scram,64,0.64485,64,41.2603,2684,189.5926,192.2925,192.3425,193.2424,0.1,scram_4.png,0.0150575999459257
5,232,IEV,scram,56,0.65732,56,36.5327,2617,193.3758,196.009,196.059,196.9589,2.1,scram_5.png,0.0151149093776225
5,233,IEV,scram,73,0.59327,0,43.0981,2951,199.0922,202.0587,202.1087,203.0087,3.1,scram_15.png,0.00654832524986021
5,234,IEV,scram,59,0.67247,59,39.4953,2534,206.1419,208.6917,208.7418,209.6417,1.1,scram_17.png,0.0137265356973164
5,235,IEV,scram,67,0.61621,0,41.1322,2834,210.775,213.6249,213.6749,214.5748,2.1,scram_19.png,0.00924416512810509
5,236,IEV,scram,50,0.70183,50,35.3874,2367,216.7081,219.0913,219.1413,220.0413,0.1,scram_21.png,0.0113017366956861
5,237,IEV,scram,67,0.63541,0,42.4747,2734,220.1746,222.9245,222.9745,223.8744,8.1,scram_12.png,0.0106033534743601
5,238,IEV,scram,57,0.67839,57,38.4238,2501,232.0074,234.524,234.574,235.4739,4.1,scram_6.png,0.0129960028748027
5,239,IEV,scram,55,0.68142,55,37.5363,2484,239.6071,242.1069,242.157,243.0569,0.1,scram_24.png,0.0131123960167172
5,240,IEV,scram,55,0.6694,0,37.0196,2551,243.1903,245.7568,245.8068,246.7067,1.1,scram_7.png,0.0122220421291263
5,241,IEV,scram,50,0.68726,50,34.3804,2451,247.8401,250.3066,250.3566,251.2565,9.1,scram_1.png,0.0122026364761068
5,242,IEV,scram,55,0.68726,0,37.8167,2451,260.3896,262.856,262.9061,263.806,1.1,scram_3.png,0.0108608192790732
5,243,IEV,scram,66,0.62912,66,41.5894,2767,264.9393,267.7225,267.7725,268.6724,1.1,scram_16.png,0.0106646570487573
5,244,IEV,scram,64,0.63844,64,41.0161,2718,269.8058,272.5389,272.589,273.4889,4.1,scram_13.png,0.0111170085441515
5,245,IEV,scram,91,0.52576,0,47.7659,3284,277.6221,280.9219,280.972,281.8719,2.1,scram_18.png,0.000866678384134849
5,246,IEV,scram,65,0.65714,65,42.4599,2618,284.0051,286.6383,286.6884,287.5883,0.1,scram_25.png,0.0118320610987528
5,247,IEV,scram,57,0.64785,57,37.1868,2668,287.7216,290.4048,290.4549,291.3548,0.1,scram_22.png,0.0108125902308323
5,248,IEV,scram,62,0.62259,62,38.8711,2801,291.4882,294.3046,294.3547,295.2546,4.1,scram_20.png,0.00829643523206616
5,249,IEV,scram,62,0.63863,62,39.7271,2717,299.3878,302.121,302.171,303.0709,1.1,scram_11.png,0.00967449868502835
5,250,IEV,scram,66,0.63844,66,42.293,2718,304.2043,306.9374,306.9874,307.8874,12.1,scram_23.png,0.00973528585278645
6,251,DEV,fear,73,0.79888,73,58.1067,368,8.0572,8.4406,8.4906,9.3906,0.1,fear_1.png,0.0385433046394844
6,252,DEV,fear,75,0.78575,0,59.0825,418,9.5239,9.9572,10.0072,10.9071,1.1,fear_10.png,0.00986767676039404
6,253,DEV,fear,69,0.70263,69,48.3412,751,12.0571,12.8237,12.8737,13.7737,0.1,fear_15.png,3.02902409310371e-07
6,254,DEV,fear,68,0.74333,68,50.2325,584,13.907,14.507,14.557,15.4569,4.1,fear_22.png,0.000819438135754953
6,255,DEV,fear,71,0.76431,71,54.1962,501,19.5901,20.1067,20.1567,21.0567,1.1,fear_21.png,0.00748422797960462
6,256,DEV,fear,70,0.77717,0,54.7777,451,22.1901,22.6566,22.7066,23.6066,7.1,fear_19.png,0.0129858657517348
6,257,DEV,fear,72,0.79019,72,56.9253,401,30.7396,31.1562,31.2063,32.1062,6.1,fear_13.png,0.0291412836217007
6,258,DEV,fear,78,0.50239,0,39.2426,1768,38.2393,40.0225,40.0725,40.9725,1.1,fear_5.png,4.06719530669354e-18
6,259,DEV,fear,66,0.79019,66,52.1841,401,42.1058,42.5224,42.5724,43.4724,0.1,fear_4.png,0.0280636342405234
6,260,DEV,fear,68,0.77717,68,53.2233,451,43.6057,44.0723,44.1224,45.0223,0.1,fear_25.png,0.0164203865426363
6,261,DEV,fear,73,0.77717,73,57.1092,451,45.1557,45.6223,45.6724,46.5722,7.1,fear_11.png,0.0180279397372697
6,262,DEV,fear,69,0.79888,69,54.9112,368,53.7053,54.0886,54.1386,55.0385,5.1,fear_23.png,0.0373697951793901
6,263,DEV,fear,69,0.78158,69,54.1907,434,60.1717,60.6216,60.6717,61.5716,0.1,fear_17.png,0.0241442682010938
6,264,DEV,fear,72,0.69861,0,50.2413,768,61.7049,62.4882,62.5382,63.4382,1.1,fear_20.png,0.000140050371998804
6,265,DEV,fear,73,0.76866,73,55.9327,484,64.5715,65.0714,65.1214,66.0214,0.1,fear_2.png,0.0133458250765748
6,266,DEV,fear,66,0.77277,66,50.7176,468,66.1547,66.638,66.688,67.588,0.1,fear_16.png,0.015731471796935
6,267,DEV,fear,69,0.79019,69,54.5547,401,67.7213,68.1379,68.188,69.0879,0.1,fear_3.png,0.0303843654681881
6,268,DEV,fear,66,0.82129,66,54.1365,284,69.238,69.5379,69.5879,70.4879,1.1,fear_12.png,0.0497639035880642
6,269,DEV,fear,70,0.77277,0,53.8087,468,71.6212,72.1044,72.1545,73.0544,1.1,fear_6.png,0.0164251567404898
6,270,DEV,fear,68,0.81217,0,55.4353,318,74.1877,74.521,74.571,75.471,0.1,fear_7.png,0.0436101364919869
6,271,DEV,fear,70,0.77277,70,53.8087,468,75.6043,76.0876,76.1376,77.0376,9.1,fear_18.png,0.0174954457298601
6,272,DEV,fear,73,0.78575,0,57.511,418,86.1705,86.6038,86.6538,87.5538,3.1,fear_8.png,0.0264538588647041
6,273,DEV,fear,78,0.39833,78,31.0569,2584,90.687,93.2868,93.3369,94.2369,8.1,fear_14.png,9.35893958546282e-13
6,274,DEV,fear,74,0.79019,0,58.5056,401,102.3698,102.7864,102.8365,103.7364,9.1,fear_9.png,0.0302790875709887
6,275,DEV,fear,73,0.77277,73,56.127,468,112.8693,113.3526,113.4027,114.3026,4.1,fear_24.png,0.0180957235927196
6,276,DEV,fear,73,0.79466,73,57.918,384,118.4358,118.8357,118.8857,119.7857,1.1,fear_23.png,0.0330573696853598
6,277,DEV,fear,67,0.78575,67,52.7966,418,120.919,121.3523,121.4023,122.3022,1.1,fear_2.png,0.0265211320109784
6,278,DEV,fear,76,0.77277,0,58.4453,468,123.4355,123.9188,123.9689,124.8688,6.1,fear_21.png,0.0184563998228771
6,279,DEV,fear,74,0.80338,74,59.1086,351,131.0019,131.3685,131.4185,132.3185,0.1,fear_4.png,0.0359845813345832
6,280,DEV,fear,67,0.77717,67,52.4462,451,132.4518,132.9184,132.9685,133.8684,0.1,fear_14.png,0.0216563713650949
6,281,DEV,fear,69,0.79019,69,54.5547,401,134.0017,134.4184,134.4684,135.3683,0.1,fear_8.png,0.0291624360660577
6,282,DEV,fear,73,0.80338,73,58.3052,351,135.5017,135.8683,135.9183,136.8183,7.1,fear_13.png,0.0342991468474788
6,283,DEV,fear,71,0.70668,0,49.9498,734,143.9513,144.7012,144.7513,145.6512,2.1,fear_3.png,0.0021276713019939
6,284,DEV,fear,66,0.78575,66,52.0108,418,147.7845,148.2178,148.2678,149.1677,3.1,fear_1.png,0.0261522724976198
6,285,DEV,fear,65,0.8079,65,52.8462,334,152.3009,152.6509,152.7009,153.6009,0.1,fear_20.png,0.0366067687100528
6,286,DEV,fear,70,0.79466,70,55.534,384,153.7342,154.1342,154.1842,155.0841,2.1,fear_15.png,0.0314363808842018
6,287,DEV,fear,71,0.75161,71,53.6029,551,157.2174,157.7841,157.834,158.734,1.1,fear_22.png,0.0118466248054387
6,288,DEV,fear,66,0.78575,66,52.0108,418,159.8673,160.3006,160.3506,161.2505,0.1,fear_24.png,0.0257233545615958
6,289,DEV,fear,71,0.79888,0,56.509,368,161.3839,161.7672,161.8172,162.7171,0.1,fear_12.png,0.0313747164332564
6,290,DEV,fear,72,0.80338,0,57.5018,351,162.8505,163.2171,163.2671,164.1671,2.1,fear_10.png,0.0325102460411152
6,291,DEV,fear,73,0.78575,73,57.511,418,166.3003,166.7336,166.7836,167.6836,2.1,fear_19.png,0.0253438693787185
6,292,DEV,fear,77,0.73093,0,56.2522,634,169.8168,170.4668,170.5168,171.4167,3.1,fear_16.png,0.00709128482856239
6,293,DEV,fear,74,0.78575,74,58.2968,418,174.55,174.9833,175.0333,175.9332,4.1,fear_7.png,0.0254482716638601
6,294,DEV,fear,75,0.79019,75,59.2958,401,180.0664,180.483,180.5331,181.433,3.1,fear_6.png,0.0277273464734747
6,295,DEV,fear,70,0.79888,70,55.7101,368,184.5662,184.9495,184.9995,185.8994,0.1,fear_25.png,0.0304074031837022
6,296,DEV,fear,67,0.79466,0,53.15,384,186.0661,186.4661,186.5161,187.416,2.1,fear_17.png,0.0293556796269751
6,297,DEV,fear,75,0.75161,75,56.6093,551,189.5493,190.1159,190.1659,191.0659,0.1,fear_18.png,0.0130338557400644
6,298,DEV,fear,73,0.79466,73,57.918,384,191.1993,191.5992,191.6492,192.5491,6.1,fear_11.png,0.0285605675033669
6,299,DEV,fear,71,0.78575,71,55.9395,418,198.6822,199.1155,199.1655,200.0655,0.1,fear_5.png,0.0244903437104536
6,300,DEV,fear,72,0.79466,72,57.1233,384,200.1989,200.5988,200.6488,201.5487,12.1,fear_9.png,0.0280161263897329
7,301,CEV,scram,45,0.84986,45,37.8499,351,8.0558,8.4225,8.4726,9.3725,1.1,scram_18.png,0.0431782111554885
7,302,CEV,scram,58,0.66171,58,38.3234,1668,10.5058,12.189,12.239,13.139,0.1,scram_2.png,1.8291662208673e-08
7,303,CEV,scram,61,0.66171,0,40.3086,1668,13.2723,14.9556,15.0056,15.9055,0.1,scram_14.png,2.52663034294943e-14
7,304,CEV,scram,68,0.54986,0,37.5499,2451,16.0555,18.522,18.5721,19.472,0.1,scram_5.png,6.53970452793947e-23
7,305,CEV,scram,57,0.66171,0,37.6617,1668,19.6054,21.2886,21.3386,22.2386,4.1,scram_7.png,1.70210532064264e-18
7,306,CEV,scram,82,0.43086,82,35.2766,3284,26.3717,29.6716,29.7216,30.6215,1.1,scram_8.png,0.000714255866117619
7,307,CEV,scram,88,0.41886,0,37,3368,31.7548,35.138,35.188,36.0879,0.1,scram_4.png,1.51314867377114e-10
7,308,CEV,scram,43,0.79743,0,34.6077,718,36.2213,36.9546,37.0046,37.9045,0.1,scram_9.png,3.24180381360051e-07
7,309,CEV,scram,57,0.66657,57,37.6666,1634,38.0545,39.7044,39.7545,40.6544,1.1,scram_20.png,8.09464818890841e-12
7,310,CEV,scram,58,0.65229,58,37.6523,1734,41.8044,43.5543,43.6043,44.5042,3.1,scram_11.png,5.83289100333509e-09
7,311,CEV,scram,66,0.52371,66,34.3814,2634,47.6541,50.304,50.354,51.254,5.1,scram_24.png,4.50033279914459e-05
7,312,CEV,scram,83,0.42843,0,35.7147,3301,56.4037,59.7202,59.7703,60.6702,1.1,scram_1.png,3.40871743066776e-08
7,313,CEV,scram,54,0.64986,54,35.0504,1751,61.8035,63.5701,63.6201,64.52,2.1,scram_12.png,5.63834141984143e-06
7,314,CEV,scram,55,0.64271,55,35.0719,1801,66.8033,68.6198,68.6699,69.5698,5.1,scram_6.png,0.000139674075275811
7,315,CEV,scram,59,0.64271,59,37.6427,1801,74.7196,76.5362,76.5862,77.4861,0.1,scram_21.png,0.00214513215758586
7,316,CEV,scram,58,0.64271,58,37,1801,77.6361,79.4527,79.5027,80.4027,0.1,scram_23.png,0.00912273124132784
7,317,CEV,scram,57,0.64986,0,37,1751,80.5527,82.3192,82.3693,83.2692,2.1,scram_22.png,0.000889307728812921
7,318,CEV,scram,66,0.55457,66,36.4454,2418,85.4191,87.8523,87.9023,88.8023,8.1,scram_25.png,0.00562384721642666
7,319,CEV,scram,68,0.54514,68,37,2484,96.952,99.4518,99.5018,100.4018,2.1,scram_17.png,0.0114040468826476
7,320,CEV,scram,71,0.55457,0,39.2183,2418,102.5517,104.9849,105.035,105.9349,8.1,scram_10.png,0.00499807519820573
7,321,CEV,scram,53,0.66171,53,35.0149,1668,114.0846,115.7678,115.8178,116.7177,3.1,scram_19.png,0.00416400272659682
7,322,CEV,scram,59,0.64271,59,37.6427,1801,119.8676,121.6842,121.7342,122.6341,0.1,scram_15.png,0.0092633099404755
7,323,CEV,scram,55,0.63557,55,35.0933,1851,122.7842,124.6507,124.7007,125.6007,0.1,scram_13.png,0.0113306803428594
7,324,CEV,scram,53,0.64743,0,34.4103,1768,125.7507,127.5339,127.584,128.4839,1.1,scram_3.png,0.00627801321042213
7,325,CEV,scram,55,0.626,55,34.496,1918,129.6339,131.5671,131.6171,132.517,1.1,scram_16.png,0.00979593820646971
7,326,CEV,scram,59,0.638,59,37.638,1834,133.6671,135.5169,135.5669,136.4669,0.1,scram_20.png,0.00983578696933885
7,327,CEV,scram,62,0.557,0,34.772,2401,136.6169,139.0335,139.0834,139.9834,4.1,scram_12.png,0.0027238022245612
7,328,CEV,scram,58,0.66171,0,38.3234,1668,144.1332,145.8165,145.8665,146.7664,10.1,scram_14.png,0.00407340038182069
7,329,CEV,scram,53,0.65229,0,34.3909,1734,156.916,158.6659,158.7159,159.6158,0.1,scram_13.png,0.00199413310412476
7,330,CEV,scram,70,0.557,0,39.228,2401,159.7659,162.1824,162.2324,163.1324,7.1,scram_11.png,0.00030818549672054
7,331,CEV,scram,49,0.81886,0,40.2754,568,170.2821,170.8654,170.9154,171.8153,0.1,scram_24.png,0.000839271556549243
7,332,CEV,scram,64,0.57843,0,37,2251,171.9653,174.2319,174.2819,175.1818,1.1,scram_21.png,0.00382634700588565
7,333,CEV,scram,52,0.69271,52,36.3073,1451,176.3318,177.7984,177.8484,178.7483,2.1,scram_3.png,0.00224639058361617
7,334,CEV,scram,48,0.69986,48,33.5007,1401,180.8983,182.3148,182.3649,183.2649,5.1,scram_10.png,0.00253775264544544
7,335,CEV,scram,51,0.69514,0,35.6097,1434,188.4146,189.8645,189.9145,190.8145,4.1,scram_9.png,0.00171443038332628
7,336,CEV,scram,84,0.42843,84,36.1431,3301,194.9643,198.2809,198.3308,199.2308,2.1,scram_2.png,0.0104895482574336
7,337,CEV,scram,86,0.43557,0,37.4356,3251,201.3807,204.6472,204.6972,205.5972,0.1,scram_5.png,0.00138926321044335
7,338,CEV,scram,89,0.43086,89,38.2926,3284,205.7472,209.047,209.097,209.997,0.1,scram_15.png,0.00919752878378445
7,339,CEV,scram,90,0.42843,0,38.7137,3301,210.147,213.4635,213.5135,214.4134,0.1,scram_17.png,0.00689537939965067
7,340,CEV,scram,52,0.69986,52,36.3001,1401,214.5635,215.98,216.0301,216.93,4.1,scram_1.png,0.000837396655536971
7,341,CEV,scram,81,0.44043,81,35.6787,3217,221.0799,224.313,224.363,225.6463,0.1,scram_8.png,0.00806739184102742
7,342,CEV,scram,80,0.44986,0,36.1003,3151,225.7297,228.8961,228.9462,230.3461,3.1,scram_4.png,0.00663076272332633
7,343,CEV,scram,80,0.44271,0,35.2291,3201,232.996,236.2125,236.2626,237.1624,0.1,scram_23.png,0.00240028627094978
7,344,CEV,scram,86,0.42843,0,37,3301,237.3125,240.629,240.679,241.5789,0.1,scram_6.png,0.000234095271802785
7,345,CEV,scram,61,0.66171,0,40.3086,1668,241.7289,243.4122,243.4622,244.3621,0.1,scram_18.png,0.00252521259707849
7,346,CEV,scram,65,0.55943,65,36.4406,2384,244.5122,246.912,246.962,247.862,6.1,scram_22.png,0.00447632535061176
7,347,CEV,scram,91,0.41886,0,38.2566,3368,254.0451,257.4283,257.4783,258.3782,3.1,scram_16.png,6.65845893024361e-05
7,348,CEV,scram,64,0.54271,0,34.8291,2501,261.5281,264.0446,264.0946,264.9945,1.1,scram_25.png,0.000694888059737059
7,349,CEV,scram,53,0.68314,53,36.3169,1518,266.1445,267.6778,267.7278,268.6277,5.1,scram_19.png,0.00271942650941157
7,350,CEV,scram,69,0.538,69,37,2534,273.7775,276.3274,276.3774,277.2773,12.1,scram_7.png,0.00152484925931169
8,351,IEV,fear,16,0.88855,16,14.5067,618,8.0149,8.6482,8.6982,9.5981,5.1,fear_11.png,0.0181135943266293
8,352,IEV,fear,37,0.80915,37,30.3127,1634,14.748,16.3978,16.4479,17.3479,1.1,fear_8.png,0.0205131701054835
8,353,IEV,fear,60,0.65714,0,39.1742,2618,18.4978,21.131,21.181,22.0809,2.1,fear_17.png,1.12536691149806e-09
8,354,IEV,fear,29,0.81304,0,23.436,1601,24.2308,25.8474,25.8974,26.7974,0.1,fear_13.png,0.00182623460934459
8,355,IEV,fear,34,0.81684,34,27.9367,1568,26.9474,28.5306,28.5807,29.4806,1.1,fear_5.png,0.0113179743317978
8,356,IEV,fear,32,0.80098,32,25.4687,1701,30.6306,32.3472,32.3972,33.2971,3.1,fear_23.png,0.0115133111781892
8,357,IEV,fear,34,0.79247,34,27.0918,1768,36.447,38.2302,38.2802,39.1802,0.1,fear_18.png,0.012015945894371
8,358,IEV,fear,31,0.80309,31,25.2596,1684,39.3302,41.0301,41.0801,41.98,0.1,fear_19.png,0.0156576521884455
8,359,IEV,fear,29,0.81501,0,23.2294,1584,42.1301,43.7299,43.78,44.6799,2.1,fear_6.png,0.0144528972923168
8,360,IEV,fear,29,0.81116,29,23.6313,1617,46.8299,48.4631,48.5131,49.413,0.1,fear_16.png,0.0144341199785692
8,361,IEV,fear,29,0.80309,29,23.6534,1684,49.5631,51.263,51.313,52.2129,0.1,fear_1.png,0.0136254951844949
8,362,IEV,fear,32,0.79683,0,25.8766,1734,52.3629,54.1128,54.1629,55.0628,0.1,fear_10.png,0.0109004004490934
8,363,IEV,fear,91,0.51191,91,46.3714,3351,55.2128,58.5793,58.6293,59.7293,4.1,fear_4.png,1.93229933633603e-05
8,364,IEV,fear,92,0.4982,92,46.056,3417,63.6791,67.1123,67.1623,68.0622,0.1,fear_2.png,1.47403508288769e-05
8,365,IEV,fear,94,0.4982,0,47.0524,3417,68.2123,71.6454,71.6955,72.5954,4.1,fear_21.png,0.000815027279721916
8,366,IEV,fear,88,0.51543,88,45.1623,3334,76.7452,80.095,80.1451,81.045,0.1,fear_9.png,7.618404828914e-05
8,367,IEV,fear,90,0.50153,90,45.3843,3401,81.195,84.6115,84.6615,85.5615,1.1,fear_12.png,0.00031663183108704
8,368,IEV,fear,100,0.49799,0,49.5526,3418,86.7115,90.1446,90.1946,91.0945,11.1,fear_24.png,0.00216498012522834
8,369,IEV,fear,93,0.49466,0,46.2357,3434,102.2441,105.6939,105.7439,106.6439,3.1,fear_25.png,0.00578767978891058
8,370,IEV,fear,105,0.48069,105,50.2975,3501,109.7938,113.3102,113.3603,114.2602,0.1,fear_20.png,0.00546590584175111
8,371,IEV,fear,104,0.4738,0,49.1642,3534,114.4102,117.96,118.0101,118.91,4.1,fear_7.png,0.0124017771616861
8,372,IEV,fear,97,0.50859,97,49.081,3367,123.0598,126.443,126.493,127.3929,1.1,fear_22.png,0.00306193562320093
8,373,IEV,fear,97,0.49112,97,47.3965,3451,128.5429,132.0094,132.0594,132.9594,1.1,fear_14.png,0.00585697127824002
8,374,IEV,fear,97,0.48069,0,46.4519,3501,134.1094,137.6258,137.6759,138.5758,0.1,fear_15.png,0.0118498829075057
8,375,IEV,fear,92,0.52225,92,47.9332,3301,138.7258,142.0423,142.0923,142.9923,0.1,fear_3.png,0.00263832012436078
8,376,IEV,fear,90,0.52225,0,46.8887,3301,143.1423,146.4588,146.5089,147.4087,3.1,fear_9.png,0.00273428021256104
8,377,IEV,fear,96,0.50506,0,48.7343,3384,150.5586,153.9584,154.0085,154.9084,2.1,fear_24.png,0.00637793797102157
8,378,IEV,fear,88,0.52225,0,45.8442,3301,157.0583,160.3748,160.4248,161.3248,5.1,fear_14.png,0.00347753624989517
8,379,IEV,fear,97,0.4982,0,48.547,3417,166.4746,169.9077,169.9578,170.8577,5.1,fear_2.png,0.00944287371696642
8,380,IEV,fear,93,0.49466,93,46.2357,3434,176.0076,179.4573,179.5074,180.4073,1.1,fear_22.png,0.00904452811369707
8,381,IEV,fear,100,0.48069,0,47.894,3501,181.5573,185.0737,185.1238,186.0237,8.1,fear_10.png,0.0134177922865972
8,382,IEV,fear,106,0.4738,0,50.1118,3534,194.1734,197.7232,197.7732,198.6731,2.1,fear_25.png,0.014878677853486
8,383,IEV,fear,101,0.47025,101,47.4405,3551,200.8231,204.3896,204.4396,205.3395,9.1,fear_8.png,0.0138807566529426
8,384,IEV,fear,111,0.45291,0,50.0717,3634,214.4892,218.139,218.189,219.089,0.1,fear_16.png,0.0160135562686771
8,385,IEV,fear,111,0.4598,0,51.1565,3601,219.239,222.8554,222.9054,223.8054,1.1,fear_6.png,0.0148806651713556
8,386,IEV,fear,15,0.88919,15,13.5017,601,224.9554,225.572,225.622,226.5219,5.1,fear_5.png,7.39141351433694e-18
8,387,IEV,fear,52,0.67535,52,35.2528,2518,231.6717,234.2049,234.2549,235.1549,4.1,fear_17.png,8.16461456086616e-06
8,388,IEV,fear,62,0.66339,0,41.4146,2584,239.3047,241.9046,241.9546,242.8545,3.1,fear_20.png,6.75422459004963e-06
8,389,IEV,fear,95,0.48778,0,46.5813,3467,246.0044,249.4876,249.5376,250.4375,1.1,fear_21.png,0.0140230233827628
8,390,IEV,fear,53,0.6694,0,35.6808,2551,251.5875,254.154,254.2041,255.104,6.1,fear_13.png,3.88016565787917e-06
8,391,IEV,fear,95,0.50859,95,48.0638,3367,261.2704,264.6536,264.7036,265.6035,0.1,fear_7.png,0.00882727980958016
8,392,IEV,fear,101,0.48778,101,49.508,3467,265.7536,269.2367,269.2867,270.1867,0.1,fear_12.png,0.0119069119245018
8,393,IEV,fear,98,0.49466,0,48.709,3434,270.3367,273.7865,273.8365,274.7365,0.1,fear_11.png,0.0108270096456038
8,394,IEV,fear,105,0.4598,0,48.3976,3601,274.8865,278.503,278.553,279.4529,10.1,fear_23.png,0.0148956139932699
8,395,IEV,fear,91,0.53606,0,48.8756,3234,289.6025,292.8523,292.9024,293.8023,0.1,fear_4.png,0.00519416802986573
8,396,IEV,fear,49,0.69024,0,34.1585,2434,293.9524,296.4022,296.4522,297.3522,0.1,fear_19.png,5.33573156726871e-07
8,397,IEV,fear,55,0.67553,55,37.2664,2517,297.5022,300.0354,300.0854,300.9853,1.1,fear_3.png,4.46063722802172e-06
8,398,IEV,fear,95,0.50859,0,48.0638,3367,302.1353,305.5184,305.5685,306.4684,2.1,fear_15.png,0.00870943325407598
8,399,IEV,fear,92,0.51191,0,46.8833,3351,308.6184,311.9848,312.0348,312.9348,1.1,fear_18.png,0.00810651023968091
8,400,IEV,fear,88,0.51543,88,45.1623,3334,314.0848,317.4346,317.4846,318.3846,12.1,fear_1.png,0.00769910955340334
